req_id,requirement,label,reference_explanation
705,"an alert automatic locks on the doors ,they could all be locked at once.",Safety,This requirement is classified as Safety because it provides automatic locking for all doors at once. This helps secure the home against unauthorized entry.
721,"An app that lets me manage my stove/gas, I can turn it off and on even if I am outside.",Safety,This requirement is classified as Safety because it allows the user to remotely control the stove or gas system. This helps reduce the risk of hazards caused by leaving it on.
2113,"Control my blinds with a remote, adjust the light coming in during the day and provide privacy at night.",Energy,This requirement is classified as Energy because it allows the user to control blinds remotely to regulate incoming light. This helps manage indoor temperature and lighting efficiently.
2142,"wardrobe suggester, Appropriate wardrobe is chosen based on weather and ocassion.",Entertainment,This requirement is classified as Entertainment because it recommends clothing based on the weather and occasion. It provides a convenient personalized suggestion feature for daily use.
187,"My smart home to alarm me if danger, I can be safe.",Safety,This requirement is classified as Safety because it alarms the user when danger is detected. This helps the user respond to hazardous situations.
1068,"pipes and wiring that can alert me when there is a leak or a potential issue ,I can know if there is a problem in my house",Safety,This requirement is classified as Safety because it alerts the user when leaks or wiring problems are detected. This enables prompt action to address potential household hazards.
1219,"My water in the shower to shut off after 10 minutes, I can conserve water.",Energy,This requirement is classified as Energy because it automatically shuts off the shower after a set time. This helps conserve water resources.
2599,"the thermostat to automatically detect when we are in REM sleep to decrease the temperature ,we save money and energy",Energy,This requirement is classified as Energy because the thermostat lowers the temperature automatically during REM sleep. This reduces energy consumption while maintaining comfort.
1704,"a internet radio streaming live broadcasting world wide to play according to my voice, I can enjoy my favorite music and play.",Entertainment,This requirement is classified as Entertainment because it enables voice-controlled internet radio streaming from worldwide broadcasts. It allows the user to conveniently enjoy preferred music and radio content.
236,"A/C automatically maintain the perfect temperature by calculating past usage patterns. ,can be save on energy costs",Energy,This requirement is classified as Energy because the air conditioning system adjusts the temperature based on previous usage patterns. This improves energy efficiency and reduces energy costs.
884,"My smart home to alert my family when there is bad weather approaching, they can take the necessary steps to stay safe.",Safety,This requirement is classified as Safety because it alerts the user's family when severe weather is approaching. This allows them to take protective actions before conditions become dangerous.
2022,"an art room, i can admire my collections.",Entertainment,This requirement is classified as Entertainment because it provides a dedicated space for viewing and appreciating personal art collections. It supports the user's enjoyment of visual and artistic content.
1260,"Cabinets to lock and unlock based on a hand print or thumbprint, baby locks wouldn't be necessary.",Safety,This requirement is classified as Safety because cabinets lock and unlock using a handprint or thumbprint. This restricts access and helps keep children away from cabinet contents.
1941,"smart home that integrates with every tv in each room to coordinate viewing, I can streamline my viewing experience.",Entertainment,This requirement is classified as Entertainment because it coordinates television viewing across every TV in the home. It provides a seamless and streamlined media viewing experience.
2483,"my refrigerator to recognize, inventory, and display everything inside ,I won't waste energy and time staring into it",Energy,This requirement is classified as Energy because the refrigerator inventories and displays its contents without requiring the door to remain open. This helps reduce unnecessary energy loss.
2211,"An alert when someone is near the pool, I can be attentive.",Safety,This requirement is classified as Safety because it alerts the user when someone is near the pool. This helps the user respond promptly to potential safety risks.
1497,The outside lights to come one when I arrive in the parking lot. I have the added security when i arrive home.,Safety,This requirement is classified as Safety because outside lights automatically turn on when the user arrives. This improves visibility and enhances security when returning home.
1650,"My electronic items to be periodically noted, as it might cause injury to my family members, I can change it or service it at appropriate time, make things for safety.",Safety,This requirement is classified as Safety because it periodically checks electronic items that could cause injury. This allows maintenance or replacement before they become hazardous.
2870,"The temperature in each room to be monitored, if room is rarely used, keep it at a lower temp, and vice versa, I am not paying to heat a room that is rarely used.",Energy,This requirement is classified as Energy because it adjusts room temperatures based on how frequently each room is used. This avoids wasting energy on heating rarely used rooms.
329,"the house to automatically determine the right temperature to set the thermostat ,I will save on my home heating bills",Energy,This requirement is classified as Energy because it automatically determines the optimal thermostat setting. This improves heating efficiency and reduces energy costs.
1659,"house that records my favorite tv shows for me if I am not sitting on the couch,, I don't have to remember to schedule a recording..",Entertainment,This requirement is classified as Entertainment because it automatically records the user's favorite television shows for later viewing. It ensures entertainment content is available without requiring manual scheduling.
439,"Home that use earth friendly energy saving techniques, I do less harm to the earth.",Energy,This requirement is classified as Energy because it uses environmentally friendly energy-saving techniques. This reduces overall energy consumption and environmental impact.
2256,"smarthome feature that alerts me when certain cabinets are being opened ,I can help keep my children from getting into anything dangerous by accident",Safety,This requirement is classified as Safety because it alerts the user when designated cabinets are opened. This helps prevent children from accessing dangerous items.
1327,"Motion sensors that don't emit noises, provide safety without disturbing autistic ears.",Safety,This requirement is classified as Safety because it provides motion sensing without producing disturbing noises. This maintains home monitoring while accommodating sensitive users.
1384,"All power strips to automatically shut off when plugged in devices are fully charged, Eliminate wasting energy via plugs that aren't charging anything.",Energy,This requirement is classified as Energy because it automatically turns off power strips once connected devices are fully charged. This eliminates unnecessary electricity consumption.
2699,"my smart home to alert me when anything rated higher than TV PG is playing on the televisions in the house, I will know to supervise my kids' TV viewing or to block a show or channel.",Entertainment,This requirement is classified as Entertainment because it alerts the user when higher-rated television content is being played. It helps supervise the entertainment content viewed by children.
2186,"To be able to alert others about where the cat is, he doesn't run outside.",Safety,This requirement is classified as Safety because it alerts others to the cat's location. This helps prevent the cat from running outside.
1146,"An auto feature that will remind me to change water softener, so that we dont ever go without warm water.",Safety,This requirement is classified as Safety because it reminds the user to change the water softener. This helps maintain the proper operation of the water heating system.
1540,"a roof made of solar panels that functions as a roof and an energy source ,I can save electricity and money",Energy,This requirement is classified as Energy because it uses solar panels as both a roof and an energy source. This helps reduce electricity consumption and energy costs.
2845,"A monitor to notify EMS if I don't move for more than a day, if I die or become unconscious I can be removed or have help sent.",Safety,This requirement is classified as Safety because it monitors the user's movement and notifies emergency medical services if no movement is detected for an extended period. This enables emergency assistance to be sent when needed.
2532,"Television that prioritizes my favorite programs, I can enjoy television with friends and family.",Entertainment,This requirement is classified as Entertainment because it prioritizes the user's favorite television programs. It makes it easier to enjoy preferred TV content with friends and family.
2125,"The lights to go off if there is movement in an hour, we can save energy.",Energy,This requirement is classified as Energy because it turns lights off automatically after a period without movement. This reduces unnecessary electricity consumption.
1642,"to remotely set up playlist of movies to watch on TV when we get home, we can just sit down and relax together with little effort.",Entertainment,This requirement is classified as Entertainment because it allows users to prepare a movie playlist remotely before arriving home. This makes it easier to enjoy television entertainment with minimal effort.
132,"a device that greets and welcomes guests at the doorstep, our guests would feel humbled by its gesture.",Entertainment,This requirement is classified as Entertainment because it greets and welcomes guests at the doorstep. It enhances the visitor experience through an interactive home feature.
231,"To keep a buzz on electric wires and other sockets, my children is alerted when touching them accidently.",Safety,This requirement is classified as Safety because it provides a buzzing alert on electrical wires and sockets when they are touched. This helps warn children about potential electrical hazards.
50,"My smart home to analyze and recommend the best sources to cool my home (air conditioning, window fan, ceiling fan, ductless heat pump, etc.), I will be comfortable during hot days.",Energy,This requirement is classified as Energy because it analyzes and recommends the most efficient cooling method for the home. This helps maintain comfort while optimizing energy use.
1436,"A gaming console that will only operate under parents commands, My kids will do whats important first, before playing.",Entertainment,This requirement is classified as Entertainment because it controls access to a gaming console based on parental permission. It manages when gaming activities can take place.
362,"a search engine voice activated with a display on a wall, i can quick search something in a conversation.",Entertainment,This requirement is classified as Entertainment because it provides a voice-activated search system with a wall display for quick information access. It offers an interactive experience that supports engaging conversations.
2360,"my smarthome to have the ability to connect and upgrade to the latest standards, I can keep up with the latest available technology.",Entertainment,This requirement is classified as Entertainment because it allows the smart home to remain compatible with the latest technologies. It ensures continued support for modern entertainment capabilities and devices.
2342,"fantasy LARP enthusiast, live action roleplaying is considered fun.",Entertainment,This requirement is classified as Entertainment because it supports participation in live action roleplaying as a recreational activity. Its primary purpose is to enable enjoyment and fun.
23,"my smart home to have a certain television show start on my TV when I arrive home, I can immediately jump into watching it..",Entertainment,This requirement is classified as Entertainment because it automatically starts a specific television show when the user arrives home. It provides immediate access to preferred entertainment content.
3088,"microphone picks up voice or instruments and automatically records the sound then transcribes and composes into sheet music, I can easily get my creative ideas documented.",Entertainment,"This requirement is classified as Entertainment because it automatically records, transcribes, and converts musical performances into sheet music. It supports creative music creation and documentation."
1548,"a sensor that will sound an alarm if my dog escapes through the fenced backyard or something happens to hurt my pet ,I will be confident they are safe outside.",Safety,This requirement is classified as Safety because it sounds an alarm if the dog escapes or is harmed outside. This enables the user to respond quickly to protect the pet.
1774,"to control tv consumption from my phone, my kids cant watch all the time.",Entertainment,This requirement is classified as Entertainment because it allows television usage to be controlled remotely from a phone. It helps manage access to television entertainment for children.
2872,"My smart home to read stories to my children at bedtime., It will save me time..",Entertainment,This requirement is classified as Entertainment because it reads bedtime stories to children. It provides an enjoyable storytelling experience while reducing the parent's effort.
1791,"a rotating closet rack, i just think it would be cool.",Entertainment,This requirement is classified as Entertainment because the primary motivation is the user's enjoyment of having a rotating closet rack. The stated benefit emphasizes novelty and personal amusement rather than a functional objective.
1334,"My smart home to notify me on my cell when the smoke detectors' batteries are getting low, I don't have to hear the annoying nonstop beeping of the detecter at the most inconvenient times.",Safety,This requirement is classified as Safety because it notifies the user when smoke detector batteries are running low. This helps ensure the smoke detectors remain functional.
2567,To know any cameras targeting us to capture us without our permission. we would be more safe.,Safety,This requirement is classified as Safety because it detects cameras that may be recording without permission. This helps protect the user's security and personal safety.
2327,"A comfortable temperature, the temperature doesn't vary between 68-76 degrees.",Energy,This requirement is classified as Energy because it maintains the home's temperature within a specified range. This supports efficient temperature control while keeping the home comfortable.
3102,"Sensors on the bathtub, if I fall the paramedics will be called.",Safety,This requirement is classified as Safety because bathtub sensors detect a fall and automatically contact paramedics. This enables a rapid emergency response.
3177,"windows that keep in theheat and keep out the cold ,comfort and energy conservation",Energy,This requirement is classified as Energy because the windows retain heat and block cold air. This improves comfort while reducing heating energy requirements.
2005,My shower to turn on when my alarm goes off. My shower will be warm when I get up.,Energy,This requirement is classified as Energy because it automates the shower to turn on when the alarm goes off. This manages energy use for water heating based on the user's routine.
2330,"to be able to easily check if all doors in the house are locked via an app or voice command ,I can be sure my family and belongings are safe at night or when away from home.",Safety,This requirement is classified as Safety because it allows the user to verify that all doors are locked through an app or voice command. This helps protect the family and belongings from unauthorized access.
218,"my smart home to automatically start radio in specific timings, I can't miss any favorite radio songs.",Entertainment,This requirement is classified as Entertainment because it automatically starts the radio at scheduled times. It helps the user enjoy favorite radio songs without missing them.
3123,"Be able to set up electronic use monthly and have my smart home follow regulations i put forth, my children have guidelines and limited exposure to technology daily.",Safety,This requirement is classified as Safety because it enforces user-defined limits on electronic device usage. This helps ensure children follow safe technology usage guidelines.
224,"Motion lights, I can see any intruders at night as they approach.",Safety,This requirement is classified as Safety because motion-activated lights improve visibility when someone approaches the home at night. This helps the user detect potential intruders.
1665,"my TV/audio system to play my favorite news programs in various media, at desiginated times so I can stay informed & remember it in various ways..",Entertainment,This requirement is classified as Entertainment because it automatically plays the user's favorite news programs through different media at scheduled times. It provides convenient access to preferred media content.
2832,"beer coming out of my sink, I can drink.",Entertainment,This requirement is classified as Entertainment because it provides beer directly from the sink to enhance the user's enjoyment. The primary benefit is recreational convenience.
3251,"a station that can automatically make biodiesel for my car ,I can have really cheap gasoline to power my car.",Energy,This requirement is classified as Energy because it automatically produces biodiesel to power the user's car. This provides an alternative energy source for transportation.
3026,"a smart wine cellar, I can store multiple kinds of wine at the proper temperature and humidity for each..",Entertainment,This requirement is classified as Entertainment because it stores different kinds of wine under appropriate conditions. It supports the user's enjoyment and appreciation of a wine collection.
730,"Tiles that can sense water, so that I can clean the water right away and no one slips.",Safety,This requirement is classified as Safety because tiles detect the presence of water on the floor. This allows the user to clean it promptly and reduce the risk of slipping.
2126,"the tv to turn on when I get home, I can immediatly have it to make me feel entertained.",Entertainment,This requirement is classified as Entertainment because it automatically turns on the television when the user arrives home. It provides immediate access to television content for enjoyment.
719,"music that automatically plays when in the shower, I always have good tunes to listen to while getting clean.",Entertainment,This requirement is classified as Entertainment because it automatically plays music while the user is in the shower. It enhances the user's daily routine with enjoyable audio playback.
2019,"gas stove ,to save energy",Energy,This requirement is classified as Energy because it is intended to save energy. This supports more efficient energy use in the home.
938,"Room thermostats, Protect the room temperature.",Energy,This requirement is classified as Energy because room thermostats regulate and maintain the desired room temperature. This supports efficient heating and cooling management.
93,"a smart coffee machine, my coffee will be ready in the morning when i ask it to be without having to deal with making it myself.",Entertainment,This requirement is classified as Entertainment because the requirement focuses on the enjoyment and convenience of having coffee prepared automatically when requested. It enhances the user's daily experience through automated comfort.
3089,"an interconnected entertainment network, house wide., I can roam the house and multitask, but any program, music, or movie I am watching comes on as I enter the room, and turns off as I leave..",Entertainment,"This requirement is classified as Entertainment because it creates a house-wide entertainment network that seamlessly transfers media playback between rooms. It allows the user to continue enjoying music, movies, or programs while moving throughout the home."
144,"My smart home to play a warning sound when my child is close to the stove, he won't burn himself.",Safety,This requirement is classified as Safety because it plays a warning sound when a child is close to the stove. This helps prevent burns by alerting the child to potential danger.
261,"my smart home to ring bell in all over the home, so that all member can wake at time..",Entertainment,This requirement is classified as Entertainment because it provides a house-wide bell that rings throughout the home to wake household members. The requirement focuses on an audio playback function that delivers sound across the home.
335,"my porch lights to be programmable to come on when it gets dark ,I can see when I get home.",Energy,This requirement is classified as Energy because porch lights are programmed to turn on automatically after dark. This manages lighting based on time without unnecessary operation.
404,"A spoken alert, I can be alerted for unauthorized energy use.",Energy,This requirement is classified as Energy because it provides spoken alerts about unauthorized energy use. This helps the user identify and reduce unnecessary energy consumption.
3086,"motion dectectors to monitor movement, and shut off lights and non-essential appliances if none is detected after a certain time ,i can save money and conserve ",Energy,This requirement is classified as Energy because motion detectors turn off lights and non-essential appliances when no activity is detected. This reduces unnecessary electricity consumption.
1097,My smoke alarms would beep when the battery gets low. my family is safe from fires.,Safety,This requirement is classified as Safety because it alerts the user when a smoke alarm battery is low. This helps ensure the smoke alarm remains operational to detect fires.
679,"a freezer that has an alarm that goes off if the power isn't working,I will know in time to save my stuff",Energy,"This requirement is classified as Energy because it provides an alarm when the freezer loses power, allowing the user to take action before stored items are spoiled. By preventing the loss of frozen goods, it helps avoid waste of resources and the energy associated with replacing them."
838,"lights and electronics that sense when i've fallen asleep and adjust automatically ,i can save energy",Energy,This requirement is classified as Energy because it automatically adjusts lights and electronics after detecting that the user has fallen asleep. This reduces unnecessary energy use.
103,"smart carbon monoxide detectors ,I can see the amount of carbon monoxide in each room in my house on a smartphone/tablet while I'm away from my home to make sure my family is ok",Safety,This requirement is classified as Safety because smart carbon monoxide detectors monitor carbon monoxide levels and allow remote viewing. This helps ensure the user's family remains safe from harmful gas exposure.
317,"have the lights dim for a romantic evening with my husband, I do not have to move and spoil the moment..",Entertainment,This requirement is classified as Entertainment because it automatically dims the lights to create a romantic atmosphere. It enhances an enjoyable and relaxing experience without requiring manual adjustments.
444,"a home that's interactive for my kids, they will not be bored..",Entertainment,This requirement is classified as Entertainment because it creates an interactive home environment for children. Its primary purpose is to keep children engaged and entertained.
2338,"to listen to punk rock, so I can listen to punk rock.",Entertainment,This requirement is classified as Entertainment because it enables the user to listen to punk rock music. It directly supports the user's enjoyment of preferred music.
3072,"Smart breakfast appliances, my toddler doesn't flood the house.",Safety,This requirement is classified as Safety because smart breakfast appliances help prevent a toddler from causing a flood. This reduces the risk of household accidents.
786,"A voice activated warning when the energy cost is more than certain amount, I can tell everyone to be careful with their use of energy.",Energy,This requirement is classified as Energy because it provides a voice warning when energy costs exceed a specified amount. This encourages users to reduce energy consumption.
422,"My smart home to monitor and remember local outdoor temperatures and calculate degree heating days (or degree cooling days), I can accurately gauge my monthly energy use for heating and cooling.",Energy,This requirement is classified as Energy because it monitors outdoor temperatures and calculates heating or cooling requirements. This helps the user evaluate and manage energy usage more accurately.
3270,"the television to turn on when I sit on the couch, and the channel turned to my favorite show, it makes the viewing experience better.",Entertainment,This requirement is classified as Entertainment because it automatically turns on the television and selects the user's favorite show when they sit on the couch. It improves the television viewing experience through automation.
1653,"Lights in the house to adjust to specific presets based on the time of day, outside illumination and activities taking place inside the house, I could conserve energy.",Energy,"This requirement is classified as Energy because lights automatically adjust based on time, outdoor illumination, and indoor activities. This improves lighting efficiency and conserves energy."
2293,"algorithm suggestions, in any room suggestions like because you choose this _____, you might also enjoy ______.",Entertainment,This requirement is classified as Entertainment because it provides personalized recommendations based on the user's previous selections. It helps users discover additional content they may enjoy.
3096,I'm aware if a window is open and letting cold/hot air in. I can always be comfortable.,Energy,This requirement is classified as Energy because it notifies the user when a window is open and allowing heated or cooled air to escape. This helps reduce unnecessary energy loss.
1419,"A system that notifies me when I'm using too much energy, I can save money on my monthly light bill.",Energy,This requirement is classified as Energy because it notifies the user when energy usage becomes excessive. This helps the user reduce consumption and lower electricity costs.
2143,"special ocassion notifier, my husband is always reminded of special ocassions and events.",Entertainment,This requirement is classified as Entertainment because it reminds the user about special occasions and events. It provides a convenient notification feature that supports memorable personal events.
1741,"to have changing ambiance ""scenes"", we will automatically have different themes for different events or parties..",Entertainment,This requirement is classified as Entertainment because it creates different ambiance scenes for events and parties. It enhances social gatherings through themed lighting and atmosphere.
1396,"A weather station that reports the weather right from my own yard, I can keep track of fluctuations in conditions from anywhere..",Entertainment,This requirement is classified as Entertainment because it provides weather information from a personal weather station. It offers interactive information that the user can conveniently view from anywhere.
2267,"Have an energy usage graph provided, have a log of best use of energy and suggestions of settings that would save even more.",Energy,"This requirement is classified as Energy because it provides graphs, usage logs, and recommendations for improving energy efficiency. This helps the user better understand and reduce energy consumption."
2040,"My smart home to alert me if water is left on outside, I can save money on my water bill during the summer.",Energy,This requirement is classified as Energy because it alerts the user if water is left running outside. This helps reduce unnecessary water usage and lower water bills.
633,"built in clocks in the tv's in each room, I will know what time it is when I am watching tv.",Entertainment,This requirement is classified as Entertainment because it displays clocks on televisions throughout the home while the user watches TV. It provides useful information without interrupting the television viewing experience.
3267,"The house to detect when there is smoke and shut off the appropriate appliances, I don't burning anything down.",Safety,This requirement is classified as Safety because it detects smoke and automatically shuts off relevant appliances. This helps reduce the risk of fire spreading.
655,"my television to turn on and off with the sound of my voice, i don't need to use a remote control.",Entertainment,This requirement is classified as Entertainment because it allows the television to be controlled using voice commands. It makes accessing television entertainment more convenient by eliminating the need for a remote control.
2361,"my entertainment system to integrate with my Steam accounts, it can show me suggestions for what I might want to play in the future..",Entertainment,This requirement is classified as Entertainment because it integrates the entertainment system with the user's Steam account to recommend games. It helps the user discover new games they may enjoy.
1044,"Solar panels, I can save on electricity and reduce my carbon imprint.",Energy,This requirement is classified as Energy because it uses solar panels to provide electricity for the home. This reduces electricity use from conventional sources and lowers the home's carbon footprint.
2927,"my blinds to automatically adjust themselves dependent on sunlight  ,we get the most of natural light",Energy,This requirement is classified as Energy because the blinds automatically adjust based on sunlight. This maximizes natural lighting and improves energy efficiency.
2885,"My smart home to let me know if it senses anyone outside the perimeter of the house after dark, I can protect my family from a break-in.",Safety,This requirement is classified as Safety because it notifies the user when someone is detected outside the home's perimeter after dark. This provides early warning of possible intrusions.
3131,"a coffee mug that has a screen and displays the morning news from sources I choose, I can drink my coffee and read the news in the morning.",Entertainment,This requirement is classified as Entertainment because it displays personalized morning news on a coffee mug screen. It provides convenient access to media content while enjoying coffee.
2908,My smart home to alert me when anyone is within 29 feet of my house. I will not have any burglars or unwanted visitors.,Safety,This requirement is classified as Safety because it alerts the user when someone comes within a specified distance of the house. This provides early awareness of potential intruders or unwanted visitors.
2215,"To be able to remotely turn my consoles on a stream my games to any tv in my house, I can game anywhere.",Entertainment,This requirement is classified as Entertainment because it allows the user to remotely turn on gaming consoles and stream games to any television in the house. It provides flexible access to gaming throughout the home.
2957,"the lights to dim and the music to play softly, I can romance mysignificant other..",Entertainment,This requirement is classified as Entertainment because it coordinates lighting and music to create a desired atmosphere. It enhances the user's enjoyment during social and romantic occasions.
3110,"individual room thermostats ,I can control different temperatures in different rooms depending on usage.",Energy,This requirement is classified as Energy because individual room thermostats allow different temperatures to be set based on room usage. This improves heating and cooling efficiency.
2477,"my smart home to notify me when there is a faulty outlet or wiring. ,I can have it fixed and prevent a hazard such as a fire; and the house will not burn down.",Safety,This requirement is classified as Safety because it notifies the user about faulty outlets or wiring. This allows repairs to be made before electrical hazards such as fires occur.
1615,"push to open doors ,I can mash a button and have the door open when my hands are full.",Safety,This requirement is classified as Safety because push-to-open doors allow the user to open doors easily when their hands are full. This reduces the risk of accidents while carrying items.
2551,"A feautre to take the humidity out of the air ,it is refreshable breathable air.",Energy,This requirement is classified as Energy because it removes excess humidity from the air. This manages indoor environmental conditions efficiently.
1051,"laser lights and toy balls to appear at random intervals, my cats and dogs are entertained when I am away from home.",Entertainment,This requirement is classified as Entertainment because it provides laser lights and toy balls to entertain pets while the owner is away. It keeps pets engaged through interactive play.
2833,"Digital readout of power usage for week, month, year, I can monitor my power consumption and estimate my costs.",Energy,This requirement is classified as Energy because it provides power usage summaries over different time periods. This helps the user monitor energy consumption and estimate costs.
243,"Auto sensing music system, It can sense automatically my mood and play the song as per my mood.",Entertainment,This requirement is classified as Entertainment because it automatically selects music based on the user's mood. It personalizes the music listening experience to increase enjoyment.
924,"Room thermostat sensor, The room is optimal temperature for an occupant.",Energy,This requirement is classified as Energy because a room thermostat sensor maintains an optimal room temperature. This supports efficient heating and cooling management.
223,"Net alarm system ('smarter' home security system), As part of the system, window and door fixtures contain motion sensors which alert us when there is a trigger through an accompanying application. This system is easy to set up and connect to smartphone, and also comes with a keychain hob which allows users to remotely alarm and disarm a system -- as well as a 'panic' button, which if pressed, alerts the connected smartphone to the call for help.",Safety,"This requirement is classified as Safety because it uses motion sensors, remote monitoring, and a panic button to detect threats and alert users. This improves awareness and enables a rapid response to potential emergencies."
2604,"a refrigerator that plays music, I can easily listen to music while cooking and doing meal preparation.",Entertainment,This requirement is classified as Entertainment because it enables the refrigerator to play music during cooking and meal preparation. It makes everyday activities more enjoyable through music playback.
1324,"make sure the doors are locked ,The house will be secure",Safety,This requirement is classified as Safety because it ensures that doors are locked. This helps keep the house secure from unauthorized access.
3055,"My house to automatically lock all windows and doors once I close the front door and step on the front steps outsidde , I can always be comfortable.",Safety,This requirement is classified as Safety because it automatically locks all windows and doors after the user leaves the house. This helps secure the home against unauthorized access.
1663,"the home to dynamically adjust temperature of the ac system depending on occupants' presence in certain areas ,the air temperature and humidity are always comfortable within the house",Energy,This requirement is classified as Energy because it adjusts the air conditioning based on where occupants are present in the home. This improves comfort while reducing unnecessary energy use.
459,"Cooling systems to be aware of each other and coordinated so that, for example, roof exhaust fans are turned off and closed when the AC unit is needed, I use the appropriate means of cooling and don't have to think about.",Energy,This requirement is classified as Energy because it coordinates different cooling systems so only the most appropriate one operates. This improves cooling efficiency and reduces unnecessary energy use.
1046,"smart smoke and carbon monoxide monitor that is more interactive than a simple alarm that's confusing and frustrating ,I can be assured I'm safe and don't have to mess to antiquated devices",Safety,This requirement is classified as Safety because it provides interactive monitoring for smoke and carbon monoxide. This helps ensure hazardous conditions are detected and communicated effectively.
1085,"My lights bulbs to turn off after 5 minutes, i use less energy.",Energy,This requirement is classified as Energy because it automatically turns off light bulbs after five minutes. This reduces unnecessary electricity consumption.
440,"My home to notify me when someone approaches the main door, I can be confident that the individual is not trying to break-in.",Safety,This requirement is classified as Safety because it notifies the user when someone approaches the main door. This helps the user identify potential break-in attempts.
3187,"voice activated media system, like echo, I could access media in every room.",Entertainment,This requirement is classified as Entertainment because it provides voice-activated access to media throughout the home. It allows users to conveniently enjoy entertainment content in any room.
1084,"a smart washer and dryer combination machine that keeps the clothes fresh until I take them out ,I don't have to remove them right away or let them get wrinkled again",Energy,This requirement is classified as Energy because the washer and dryer automatically keep clothes fresh until they are removed. This automates laundry management without requiring immediate user intervention.
2642,"to be notified when my crops need to be watered ,i know when to water them",Energy,This requirement is classified as Energy because it notifies the user when crops need watering. This helps manage water usage efficiently by watering only when necessary.
2092,"to know if my EV is charged fully or how much time is left for full charge ,I know if I can take a trip yet",Energy,This requirement is classified as Energy because it informs the user when the electric vehicle is fully charged or how much charging time remains. This helps manage energy usage and charging efficiently.
296,"items to save energy ,my bills arent high",Energy,This requirement is classified as Energy because it focuses on saving energy. This helps reduce overall energy costs and lower utility bills.
2964,"the temperature to adjust by voice command ,when I shower, I do not get scalded.",Safety,This requirement is classified as Safety because it allows the user to adjust the water temperature by voice command to prevent scalding while showering. This helps reduce the risk of burns by enabling safer control of water temperature.
3021,"surround sound connected to wifi, I can stream music in any room..",Entertainment,This requirement is classified as Entertainment because it enables Wi-Fi-connected surround sound for streaming music throughout the home. It enhances audio playback and provides a seamless music listening experience.
1861,"a panel that will let me know which devices are currently using energy but are not being used such as lights ,I can save money and energy",Energy,This requirement is classified as Energy because it identifies devices that are consuming energy unnecessarily. This helps the user reduce wasted electricity.
2219,"my smart home to fully power down any device that is not in use for more than 30 minutes. ,I can save electricity.",Energy,This requirement is classified as Energy because it powers down devices that have been unused for more than 30 minutes. This reduces unnecessary electricity consumption.
431,"drive and walkway lighting to be turned on when people are using them at night ,occupants don't fall and the outside of the house is lit when strangers approach at night.",Safety,This requirement is classified as Safety because lights automatically illuminate driveways and walkways when they are in use at night. This improves visibility and helps prevent falls while increasing awareness of approaching people.
194,"My smart house to have solar panels, I can save money on electricity.",Energy,This requirement is classified as Energy because it uses solar panels to supply electricity for the home. This reduces dependence on conventional electricity sources and lowers electricity costs.
574,"a central air conditioning unit that automatically orders new air filters for itself when air quality diminishes ,I can maximize energy efficiency and air health",Energy,This requirement is classified as Energy because the air conditioning unit automatically replaces air filters when needed to maximize efficiency. This helps maintain efficient system performance while improving air quality.
1450,"Lights to be activated and de-activated as I enter and leave a room, I can save energy.",Energy,This requirement is classified as Energy because it automatically activates and deactivates lights as the user enters and leaves a room. This reduces unnecessary electricity consumption.
1699,"My smart home to notify me when my smart phone is full charged, i could remove it and not risk burning out the battery or wasting unnecessary energy.",Energy,This requirement is classified as Energy because it notifies the user when a smartphone is fully charged. This helps avoid unnecessary charging and reduces wasted energy.
998,"Monitor when the baby is waking up from sleep, turn my concentration towards by baby.",Safety,This requirement is classified as Safety because it monitors when the baby wakes up and alerts the user. This helps the user respond promptly to the baby's needs.
2236,"an alert when someone comes to the door ,I can see who is there.",Safety,This requirement is classified as Safety because it alerts the user when someone comes to the door. This allows the user to identify visitors and remain aware of activity outside the home.
3206,"Wall chargers to only come on when I'm actually using them, i can save energy and money.",Energy,This requirement is classified as Energy because wall chargers activate only when they are actively being used. This reduces unnecessary electricity consumption.
1846,"a thermostat what adjusts itself based on the outdoor temperature ,I can conserve energy but also maintain a pleasant temperature inside",Energy,This requirement is classified as Energy because the thermostat adjusts automatically according to outdoor temperature. This conserves energy while maintaining indoor comfort.
1310,"Automated light, So that if I forget to turn off the lamp it will happen on its own.",Energy,This requirement is classified as Energy because it automatically turns off lights when they are left on. This prevents unnecessary electricity consumption.
785,"my bathtub to automatically fill, and set itself to hot temperature and add a bubble bath solution at the push of a button., when i am being romantic with my wife, we can head to the tub, without the need for interruption..",Entertainment,This requirement is classified as Entertainment because it automatically prepares a bath to create a relaxing and enjoyable experience. It enhances leisure time by minimizing manual effort.
912,"My smart home to notify me if the household's carbon footprint is getting too high, we can be more environmentally responsible.",Energy,This requirement is classified as Energy because it notifies the user when the household's carbon footprint becomes too high. This encourages more efficient and environmentally responsible energy use.
1410,"A self sustaining greenhouse, my plants will always be taken care of and watered properly.",Energy,This requirement is classified as Energy because it automatically manages the greenhouse by caring for and watering plants. This optimizes the use of water and resources needed to maintain the greenhouse.
999,"Automatic lighting system which turns on light after getting dark, i don't need to worry about switching on and off lights when i am out of home.",Energy,This requirement is classified as Energy because it automatically turns on lights after dark. This manages lighting without requiring unnecessary operation by the user.
195,"my smart home to shut off the air when the room is at the right temperature ,I can save money on bills",Energy,This requirement is classified as Energy because it automatically shuts off the air system when the desired room temperature is reached. This reduces unnecessary energy consumption and lowers utility bills.
238,"remote wireless access to surveillance cameras ,I can keep an eye on my home in real time even when I am away.",Safety,This requirement is classified as Safety because it provides remote access to surveillance camera feeds. This allows the user to monitor the home while away.
2573,"A gas detector, if there's carbon monoxide or other poisonous gases inside, the authorities are notified.",Safety,This requirement is classified as Safety because it detects carbon monoxide and other poisonous gases and notifies authorities. This enables a rapid response to dangerous gas exposure.
1471,"water amount alerter ,I am aware of how much water I am using at a time.",Energy,This requirement is classified as Energy because it alerts the user about the amount of water being used. This helps the user manage water consumption more efficiently.
1748,"my tv to tell me when new movie releases in my geners are released, i can keep up with new movies.",Entertainment,This requirement is classified as Entertainment because it informs the user about new movie releases in their preferred genres. It helps the user stay updated with entertainment content of interest.
900,"a feature for dimmed lighting and soft music, I can relax and enjoy my downtime without much effort.",Entertainment,This requirement is classified as Entertainment because it combines dimmed lighting with soft music to create a relaxing atmosphere. It enhances the user's leisure and enjoyment during downtime.
2239,"Kitchen that can produce recipes based on the food I have bought from the store, I can try new foods.",Entertainment,This requirement is classified as Entertainment because it suggests recipes based on available ingredients. It encourages users to explore and enjoy trying new foods.
2283,"Remotely access camfeeds, I can check in on elderly parents and pets.",Safety,This requirement is classified as Safety because it allows remote access to camera feeds. This enables the user to monitor elderly parents and pets from a distance.
2900,"the washing machine to automaticly detect the amount of clothes inside and dispense detergent, softener and water acordingly. ,I will save on water useage and money on over using laundry supplies.",Energy,"This requirement is classified as Energy because the washing machine automatically adjusts detergent, softener, and water according to the load size. This reduces unnecessary resource consumption."
2269,"My smart home to automatically work to put out fires if one should arise. When the smoke detector goes off, I want there to be a sprinkler system or a high pressure hydraulic system in place that will work to at least fight the fire if not put it out completely. I imagine a future filled with 'fireproof houses' In this future our smoke detectors are going to need to be a lot better to avoid them going off at happenstance times or malfunctioning. But I would much rather my stuff be soaked in an instance like this than for my house to be completely destroyed by a fire. The home remains safe.",Safety,This requirement is classified as Safety because it automatically activates fire suppression systems when a fire is detected. This helps limit fire damage and protect the home.
3046,"lights to be turned off when I leave a room ,I can save anergy",Energy,This requirement is classified as Energy because it turns off lights automatically when the user leaves a room. This reduces unnecessary electricity consumption.
2646,"my smart home to turn off the oven after a certain time ,I wont burn the food",Safety,This requirement is classified as Safety because it automatically turns off the oven after a specified time. This helps prevent hazards associated with leaving the oven on.
1422,"An alarm system that will warn me when my toilet is about to get clogged up ,People can assess the problem before the clog happens",Safety,This requirement is classified as Safety because it warns the user before the toilet becomes clogged. This allows the problem to be addressed before it causes damage or overflow.
2176,"Lights that turn on when someone approaches, so that I can see people outside my home.",Safety,This requirement is classified as Safety because lights automatically turn on when someone approaches the home. This improves visibility and helps the user see approaching individuals.
1100,"my smart home to react to my voice and play a movie that I request,, I can enjoy any movie that I want at the moment..",Entertainment,This requirement is classified as Entertainment because it plays requested movies in response to voice commands. It allows the user to easily access and enjoy their preferred movie content.
3192,"A device that can charge electric cars, guests can charge their car while they are at my house.",Energy,This requirement is classified as Energy because it provides a device for charging electric vehicles. This supports the use and management of electrical energy for transportation.
142,"integrated smart electronics, I only need one remote and devices are easy to operate.",Entertainment,This requirement is classified as Entertainment because it integrates entertainment devices so they can be controlled with a single remote. It simplifies operating media equipment and improves the user experience.
2937,"My home to alert me if my dog gets out of the yard, I can promptly retrieve my dog to prevent danger to my dog or to any people who might encounter him.",Safety,This requirement is classified as Safety because it alerts the user if the dog leaves the yard. This allows the user to retrieve the dog quickly and prevent potential danger.
2389,"A robot that automatically shoots a net at any stranger that comes into my house, i can play around with the net and potentially catch a burglar in the unlikely event.",Energy,This requirement is classified as Energy because it automates a home response by deploying a net when a stranger enters the house. This performs the requested function through an automated system.
2723,"my smart home to alert me to the new releases on Netflix which I add to a watch list each month, I can catch the movies I've been waiting for.",Entertainment,This requirement is classified as Entertainment because it alerts the user about new Netflix releases on their watch list. It helps the user stay informed about entertainment content they want to watch.
2690,"my TV to find all of my favorite shows on demand, I can watch what I want without having to search.",Entertainment,This requirement is classified as Entertainment because it finds the user's favorite television shows on demand. It makes it easier to access preferred entertainment content without searching.
1698,"my music device to notify me when my favorite artist release new music, i could keep up with their latest music and download it.",Entertainment,This requirement is classified as Entertainment because it notifies the user when a favorite artist releases new music. It helps the user stay updated with and enjoy newly available music.
1141,"auto shut down feature for everything when we leave the home ,we save money on energy",Energy,This requirement is classified as Energy because it automatically shuts down devices when the user leaves home. This reduces unnecessary energy consumption and saves money.
1594,"an auto-eject feature in my car, ,I am automatically ejected from the vehicle if something hits it.",Safety,This requirement is classified as Safety because it automatically ejects the occupant if the vehicle is hit. This is intended to protect the occupant during a collision.
3012,"Key detection sensor, I can always find my keys.",Safety,This requirement is classified as Safety because a key detection sensor helps the user locate misplaced keys. This ensures keys can be found quickly and remain under the user's control.
352,"my smart phone to have programmable thermostats/electricity settings that automatically engage when I'm away, or the weather changes according to specified paramters ,i can save money on my bills",Energy,This requirement is classified as Energy because it automatically applies thermostat and electricity settings based on the user's absence or weather conditions. This helps reduce energy consumption and lower utility bills.
2496,"something to list all new available movies within all of my available platforms in a single location, I know when something new is available.",Entertainment,This requirement is classified as Entertainment because it lists new movies available across all supported platforms in one place. It helps the user easily discover newly available entertainment content.
3116,"my smart home to recognize stress words that automatically cue appropriate music from the stereo, I can calm down.",Entertainment,This requirement is classified as Entertainment because it detects stress-related words and automatically plays suitable music. It uses personalized music playback to create a more enjoyable and calming experience.
214,"Keyless Digital Door Lock, I don't have to carry keys with me.",Safety,This requirement is classified as Safety because a keyless digital door lock controls access without requiring physical keys. This helps secure entry to the home.
682,"an alert when my child is getting close to the oven or places they shouldn't be. ,I can keep them safe.",Safety,This requirement is classified as Safety because it alerts the user when a child approaches dangerous areas such as the oven. This helps prevent accidents and injuries.
1864,"Arrange home theatres every room and the music follow with my body where ever in house , the music play only in the room where at the present , it moves with me ., Live music , kind of satisfaction in listening music ..",Entertainment,This requirement is classified as Entertainment because it enables music to follow the user from room to room throughout the house. It provides a continuous and immersive music listening experience.
3120,"a machine to alarm me at the time of serials, I can watch the serial on time.",Entertainment,This requirement is classified as Entertainment because it reminds the user when their favorite serial is about to begin. It helps ensure they do not miss their preferred television programs.
1109,"My smart home to alert the police if someone is trying to break in, my home and valubles are protected.",Safety,This requirement is classified as Safety because it alerts the police if someone attempts to break into the home. This helps protect the home and valuable property.
17,"My smart home to regulate ideal temperature according to my personal preferences and the outside temperature, I can be comfortable.",Energy,This requirement is classified as Energy because it regulates the home's temperature based on personal preferences and outdoor conditions. This supports efficient temperature management while maintaining comfort.
138,"my smart home  to to turn on the tv when I get home, I can relax as soon as possible.",Entertainment,This requirement is classified as Entertainment because it automatically turns on the television when the user arrives home. It provides immediate access to television entertainment for relaxation.
2026,"intercom ,i can hear my children in the other room",Safety,This requirement is classified as Safety because an intercom allows the user to hear children in another room. This helps the user monitor them and respond if needed.
1513,"to be able to view all my homes systems from my smart phone ,I can adjust these setting from anywhere.",Energy,This requirement is classified as Energy because it allows the user to view and adjust home systems remotely using a smartphone. This supports efficient management of home energy-related settings.
3081,"an alarm system/sensor on the stairs ,it will alert me when my child nears the stairs",Safety,This requirement is classified as Safety because sensors on the stairs alert the user when a child gets near them. This helps prevent stair-related accidents.
2547,"a siri like feature where my house can google things, I can have a talking house..",Entertainment,This requirement is classified as Entertainment because it enables the house to respond to spoken questions like a virtual assistant. It provides interactive conversations and convenient access to information.
801,"My home to alert me to dangerous situations in my surrounding area, I can keep my family safe.",Safety,This requirement is classified as Safety because it alerts the user to dangerous situations in the surrounding area. This helps protect the user's family from potential hazards.
344,"an alarm to go off whenever someone who is under a certain height goes in the kitchen ,my child wont be able to get into dangerous things in the kitchen. Such as; getting burned on the stove or getting into dangerous chemicals.",Safety,This requirement is classified as Safety because an alarm is triggered when a small child enters the kitchen. This helps prevent access to potentially dangerous appliances and chemicals.
718,"An app that lets me manage my AC/Heater, I can turn it off and on even if I am outside.",Energy,This requirement is classified as Energy because it allows the user to remotely control the air conditioner and heater. This supports efficient management of heating and cooling systems.
3252,"A small robot that is integrated into the house to sense when the floor is dirty and to clean it and when necessary mop it, whenever my child spills on the floor during a meal it will come out and keep my floor clean and make it so I don't trip.",Safety,This requirement is classified as Safety because a robot detects spills and cleans the floor automatically. This helps prevent tripping accidents caused by wet or dirty floors.
130,"To unlock the door from a remote location that has an alert with video feed, the kids don't need to wait when they get to home.",Safety,This requirement is classified as Safety because it allows the user to unlock the door remotely while viewing a video feed. This enables secure access for children while maintaining awareness of who is at the door.
709,"self retracting sky lights ,sunlight can help to heat the home or prevent it from entering to keep it cool",Energy,This requirement is classified as Energy because self-retracting skylights regulate sunlight entering the home. This helps reduce heating and cooling energy requirements.
2058,"a television that automatically turns off after an hour, my child will stop watching television and do something else.",Entertainment,This requirement is classified as Entertainment because it automatically turns off the television after a set period. It manages television usage through automated control.
1980,"my phone to signal when my team scores, I can be alerted to a change in score.",Entertainment,This requirement is classified as Entertainment because it notifies the user when their favorite team scores. It helps the user stay engaged with sporting events even when not actively watching.
656,"something that would turn on music by the sound of my voice., I won't have to get up to turn it on..",Entertainment,This requirement is classified as Entertainment because it enables music playback through voice commands. It makes accessing and enjoying music more convenient without requiring physical interaction.
2575,"A smart washing machine that turns on automatically or by remote command, the clothes are washed and ready to be placed in the dryer by the time I get home from work.",Energy,This requirement is classified as Energy because it automatically or remotely starts the washing machine. This automates laundry tasks for more efficient operation.
1983,"An automatic door lock/unlock application, I can unlock/lock doors with a touch.",Safety,This requirement is classified as Safety because it allows doors to be locked and unlocked through an automated application. This helps secure access to the home.
2458,"my smart house to alert me about stppages in gutters and downspouts ,flooding and water damage can be avoided.",Safety,This requirement is classified as Safety because it alerts the user about blockages in gutters and downspouts. This helps prevent flooding and water damage to the home.
246,"my doors to lock up automatically after a mentioned time ,we can prevent theft and other burglary",Safety,This requirement is classified as Safety because the doors automatically lock after a specified time. This helps prevent theft and burglary.
1645,"media devices in the house to be incorporated into a single ecosystem, I could be on top of news, events and entertainment all the time.",Entertainment,This requirement is classified as Entertainment because it integrates media devices into a single ecosystem for convenient access to news and entertainment. It improves the user's overall media consumption experience.
2000,"My smart home to sense when my pet approaches the pet door and open for the pet to go out and come in, the pet door will not allow access to break ins but only allow my pets in and out.",Safety,This requirement is classified as Safety because it allows pets to use the pet door while preventing unauthorized access. This helps protect the home from break-ins.
1016,"I want the lights turned off after 6 am if nobody is at home ,none will know that nobody is not at home.",Safety,This requirement is classified as Safety because it turns off lights after a specified time when no one is home to make occupancy less obvious. This helps reduce the likelihood of unauthorized access.
220,"giving voice commands to equipments, i am relaxed.",Entertainment,This requirement is classified as Entertainment because it enables equipment to be controlled through voice commands. It provides a more convenient and interactive way to operate entertainment devices.
794,"My alarm system turns on and off automatically at preset times, I do not forget to turn on the alarm at night.",Safety,This requirement is classified as Safety because the alarm system automatically activates and deactivates according to preset schedules. This helps ensure the home remains protected even if the user forgets to arm the system.
2240,"an alarm on my door, I can tell if my annoying brother or sister tries to come in my room..",Entertainment,This requirement is classified as Entertainment because it notifies the user when someone enters their room. It provides awareness of room access through an interactive home feature.
1475,"Remote access to outlets, I can turn them off to avoid energy vampires.",Energy,This requirement is classified as Energy because it provides remote access to control electrical outlets. This allows the user to turn off devices that consume unnecessary standby power.
2193,"to be able to find shows similar to what I am looking to watch, I can avoid looking through every channel on the TV guide.",Entertainment,This requirement is classified as Entertainment because it recommends television shows similar to what the user wants to watch. It helps the user discover relevant entertainment content more efficiently.
844,"my driveway lights to be turned on when sun goes down,when I get home it is safe pulling into my driveway.",Safety,This requirement is classified as Safety because it ensures the driveway is illuminated when it becomes dark outside. Improved visibility helps the user safely enter and navigate the driveway when arriving home.
1156,My smart home to start laundry after it senses a full load of clothes. I can save time and manage my water use efficiently.,Energy,This requirement is classified as Energy because it starts the laundry only after detecting a full load of clothes. This helps manage water use efficiently while avoiding unnecessary wash cycles.
2147,"smart water meter ,if a pipe springs a leak I'll know right away.",Safety,This requirement is classified as Safety because a smart water meter detects leaks and notifies the user immediately. This allows quick action to prevent damage caused by leaking pipes.
2353,"a sliding shower head that adjusts to height ,my children can take a shower on their own",Safety,"This requirement is classified as Safety because the shower head adjusts to a child's height, allowing children to shower independently. This helps reduce the risk of accidents while using the shower."
1078,"Want my sprinklers to turn off after 3 minutes, so that i will use less water.",Energy,This requirement is classified as Energy because it automatically turns off sprinklers after a set duration. This reduces unnecessary water usage.
1567,"answering machine to play message when I walk into that  room, I don't miss anything important..",Entertainment,This requirement is classified as Entertainment because it automatically plays answering machine messages when the user enters the room. It provides convenient access to recorded audio content without requiring manual playback.
690,"an alert that lets me know when the refrigerator is left open ,I can save energy",Energy,This requirement is classified as Energy because it alerts the user when the refrigerator door has been left open. This helps prevent unnecessary energy loss.
423,"Electronic usage monitor ,I can tell how much energy I'm using real time",Energy,This requirement is classified as Energy because it monitors energy usage in real time. This helps the user understand and manage energy consumption.
710,"Doors that lock automatically in the evening, I don't ever forget to lock them before bed.",Safety,This requirement is classified as Safety because doors automatically lock in the evening. This helps keep the home secure overnight.
1621,"my smart home to alert me when I get mail inside the mailbox, and how many pieces there are, I can see when I have mail.",Entertainment,This requirement is classified as Entertainment because it alerts the user when mail arrives and reports the number of items. It provides convenient information through the smart home system.
728,"an app that can sense my mood, I don't have to change songs, rather it plays songs according to my mood automatically.",Entertainment,This requirement is classified as Entertainment because it automatically selects music based on the user's mood. It personalizes music playback to provide a more enjoyable listening experience.
2611,"My pool to automatically cover itself when my child is playing outside, they will not fall in or drown.",Safety,This requirement is classified as Safety because the pool automatically covers itself when a child is playing outside. This helps prevent accidental falls into the pool.
2913,"entertainment selector, I won't spend a hour trying to figure what to do next.",Entertainment,This requirement is classified as Entertainment because it selects entertainment options for the user. It reduces the time spent deciding what entertainment activity to enjoy next.
680,"my music player to work in conjunction with the lights, to set the mood for when I am entertaining.",Entertainment,This requirement is classified as Entertainment because it synchronizes music playback with lighting to create an enjoyable atmosphere. It enhances entertainment and social experiences through coordinated audio and lighting.
1654,"My Smart Home to turn on/off lights at selected time, it may appear I am home.",Safety,This requirement is classified as Safety because it schedules lights to turn on and off automatically to make the home appear occupied. This helps deter potential intruders.
546,"all the rooms to have a humidifier that works with the heating and cooling system ,energy can be saved, the air in my home will be cleaner and to suck up excess moisture in the home",Energy,This requirement is classified as Energy because it integrates humidifiers with the heating and cooling system to improve efficiency. This helps save energy while maintaining indoor air quality and moisture levels.
1806,"my home to play white noise while I sleep, I can rest better..",Entertainment,This requirement is classified as Entertainment because it plays white noise while the user sleeps. It provides continuous audio playback to create a more comfortable sleeping environment.
1989,"A thermostat that monitors my sleeping and adjusts the temperature according to my sleep cycle, I can save money by having the heat go down when I am asleep but so that if I wake up I will be warmed up soon.",Energy,This requirement is classified as Energy because the thermostat adjusts the temperature according to the user's sleep cycle. This reduces heating energy while maintaining comfort.
706,"an alert that lets me know when I've left the oven on when not in use ,I can prevent a fire and save energy",Safety,This requirement is classified as Safety because it alerts the user when the oven has been left on. This helps prevent fire hazards caused by an unattended oven.
3095,"A smart alarm, I will be protected from intruders.",Safety,This requirement is classified as Safety because a smart alarm protects the user from intruders. This enhances home security by providing intrusion detection.
738,"Temperature control in each room, unused rooms aren't wasting energy.",Energy,This requirement is classified as Energy because it controls the temperature in each room to avoid wasting energy in unused spaces. This improves energy efficiency throughout the home.
2620,"my house to turn speakers on depending on which room I'm in, I can hear my music wherever I go.",Entertainment,This requirement is classified as Entertainment because it automatically activates speakers in the room where the user is located. It provides uninterrupted music playback throughout the home.
894,"An alarm system that i can monitor anywhere, i can make sure everyone is safe.",Safety,This requirement is classified as Safety because it allows the user to monitor the alarm system from anywhere. This helps ensure the safety of people at home by providing continuous awareness.
1891,"lights that shut off when i leave the room ,it will save electricty",Energy,This requirement is classified as Energy because lights automatically turn off when the user leaves a room. This reduces unnecessary electricity consumption.
991,"I want my home to play soothing music while evening time, i can relax.",Entertainment,This requirement is classified as Entertainment because it automatically plays soothing music in the evening. It enhances the user's relaxation through an enjoyable music listening experience.
432,"landscape lighting to be turned on when the exterior of the house (especially windows) are approached at night ,criminals are deterred.",Safety,This requirement is classified as Safety because landscape lighting automatically turns on when someone approaches the home at night. This helps deter potential intruders.
929,"to have logs of when someone steps onto my property via sensors. ,I know if someone is coming and going.",Safety,This requirement is classified as Safety because sensors record when someone steps onto the property. This helps the user monitor activity around the home.
824,"a way to switch what i'm watching on one screen to move to another room, i can pick up where i left off on a movie/etc on another device.",Entertainment,This requirement is classified as Entertainment because it allows media playback to move seamlessly from one screen to another. It lets the user continue watching movies or other content without interruption.
2781,"a pet door to not open when any animal other than mine tries to enter it ,wild animals don't get in my house.",Safety,This requirement is classified as Safety because the pet door opens only for the user's pet. This prevents unwanted animals from entering the home.
2944,My smart home to sense my pet coming up to the door to open and let the pet outside. Then open when he comes in from the outside and closes and relocks. I can be sure my home is secure and my pet can be active.,Safety,This requirement is classified as Safety because it allows the pet to enter and leave while automatically closing and relocking the door afterward. This helps keep the home secure while providing controlled pet access.
1452,"The alarm system to automatically activate after all registered people in the home have left, I can secure the household.",Safety,This requirement is classified as Safety because it automatically activates the alarm system after everyone has left the home. This helps protect the household from unauthorized access.
2587,"Lights that turn off in rooms when there is no movement detected in a certain amount of minutes, it cuts down on energy costs.",Energy,This requirement is classified as Energy because lights automatically turn off when no movement is detected. This reduces unnecessary electricity consumption and lowers energy costs.
677,"my television to turn on my favorite shows when I walk in the room, I can proceed with my morning routine.",Entertainment,This requirement is classified as Entertainment because it automatically turns on the user's favorite television shows upon entering the room. It makes accessing preferred entertainment content effortless.
885,"to listen to the latest NFL scores, I am up to date..",Entertainment,This requirement is classified as Entertainment because it provides the latest NFL scores. It helps the user stay updated on sporting events of interest.
2413,"televisions to be linked between rooms so when I change to a different room it turns on with the same program/movie at the same part, if i want to lay down in bed i can just go to bed and watch the same movie i was watching in the living room without any hassle.",Entertainment,This requirement is classified as Entertainment because it synchronizes televisions across rooms so media playback continues seamlessly. It allows the user to keep watching the same program without interruption while moving around the house.
560,"Smart home that has a mail receptacle that has sensors to alert me when mail has been delivered, I can promptly retrieve my mail without having to worry about theft.",Safety,This requirement is classified as Safety because sensors notify the user when mail has been delivered. This allows the user to retrieve the mail promptly and reduce the risk of theft.
1796,"an app that tells me if my child gets near a dangerous appliance like a stove ,safety for my child",Safety,This requirement is classified as Safety because it alerts the user when a child gets close to dangerous appliances. This helps prevent accidents involving the child.
997,"An emergency alarm which send messages to pre selected numbers, i can alert others something is wrong.",Safety,This requirement is classified as Safety because an emergency alarm automatically sends messages to preselected contacts. This enables others to respond quickly when something is wrong.
1191,"My car to send an alert to my smartphone if I forget to lock it, I will prevent breakins.",Safety,This requirement is classified as Safety because it alerts the user when the car is left unlocked. This helps prevent unauthorized access and break-ins.
2863,"The temperature of the water to raise and lower as needed throughout the day, I am not always heating water that isn't being used.",Energy,This requirement is classified as Energy because it adjusts the water temperature throughout the day based on usage. This avoids heating water when it is not needed.
1207,"Adaptable sound insulation around my music room, but the room doesn't sound ""dead"" like you get with traditional sound insulation., so that I can play my instruments and sing at any time without waking family,.",Entertainment,This requirement is classified as Entertainment because it enables the user to play musical instruments and sing without disturbing others. It supports enjoyable music-related activities at any time.
3205,"A safe garage, My cars stay locked in place if drivers are too intoxicated, affected, or underage to drive.",Safety,"This requirement is classified as Safety because it prevents intoxicated, impaired, or underage drivers from accessing vehicles in the garage. This helps reduce the risk of unsafe driving."
326,"measurements of what each appliance draws in voltage ,I can conserve energy",Energy,This requirement is classified as Energy because it measures the voltage used by each appliance. This helps the user monitor and reduce energy consumption.
3036,"Automatic window screens, I can switch them out at the turn of the season without much work.",Energy,This requirement is classified as Energy because it automates the operation of window screens based on seasonal needs. This supports efficient home management with minimal manual effort.
2982,"Chair sensor, It warns me if my chair has been moved so that I don't fall on my butt when I try to sit down.",Safety,This requirement is classified as Safety because it warns the user if the chair has been moved. This helps prevent accidents when attempting to sit down.
2441,"windows that can project images that looks like there are ghosts in my house ,I can scare away neighborhood children ",Safety,This requirement is classified as Safety because it projects ghost-like images onto windows to discourage people from approaching the house. This helps deter unwanted visitors from the property.
1842,"to see what channels are being watched through my phone, I know my kids are watching appropriate channels.",Entertainment,This requirement is classified as Entertainment because it allows the user to view which television channels are being watched through a smartphone. It helps monitor television viewing activity and content.
1805,"my water tank to make an before getting emply ,I will start to refill my water tank",Energy,This requirement is classified as Energy because it alerts the user before the water tank becomes empty. This supports efficient management of water resources by enabling timely refilling.
434,"a buzzer for when the door rings, i can tell when i have headphones on.",Entertainment,"This requirement is classified as Entertainment because it enables the user to notice the doorbell while wearing headphones, allowing uninterrupted enjoyment of audio content. It improves the user's media experience by ensuring important notifications are not missed during entertainment."
2446,"My washing to run only when there is a full load of laundry, i will conserve energy and water by only running when necessary.",Energy,This requirement is classified as Energy because it runs the washing machine only when there is a full load. This conserves both energy and water by avoiding unnecessary wash cycles.
1672,"home that will auto cast music to different rooms when I go from one room to another, I can continue to enjoy my music while I move around my home.",Entertainment,This requirement is classified as Entertainment because it automatically continues music playback across different rooms as the user moves. It provides an uninterrupted music listening experience throughout the home.
1372,"Smart light controls, I can turn all of the lights off from my bed.",Energy,This requirement is classified as Energy because it allows the user to turn off all lights remotely from bed. This helps prevent lights from being left on unnecessarily.
545,"the temperature in the bathroom to adjust ,the mirrors in the bathroom begin to defog as soon as the water in the shower stops",Energy,This requirement is classified as Energy because it adjusts the bathroom temperature to reduce mirror fog after shower use. This manages temperature efficiently while maintaining comfort.
550,"the lights in the house to be adjustable, so that if I have a party I can set mood lighting, disco balls, or lasers to emit from the lighting features that are already in place in my home at the touch of a button.",Entertainment,"This requirement is classified as Entertainment because it allows lighting effects such as mood lighting, disco balls, and lasers to be activated for parties. It enhances social events through customizable visual effects."
743,"an alert system, I can be reminded when my favorite shows are on..",Entertainment,This requirement is classified as Entertainment because it reminds the user when favorite television shows are about to begin. It helps ensure the user does not miss preferred entertainment content.
1133,"an alarm when someone comes into our driveway ,we can be aware when someone is at our home",Safety,This requirement is classified as Safety because it triggers an alarm when someone enters the driveway. This keeps the occupants aware of visitors approaching the home.
1193,"a TV that turns on at a specific time, to a specific channel, at a specific volume, I wake up watching exactly what I want..",Entertainment,This requirement is classified as Entertainment because it automatically turns on the television with predefined viewing settings. It ensures the user can immediately enjoy their preferred television content.
2616,"the house to increase the volume when I'm playing, I can enjoy the game more.",Entertainment,This requirement is classified as Entertainment because it increases the audio volume while the user is playing a game. It enhances the gaming experience through improved sound.
1666,"the windows in the kitchen have a transparent display for news and outside temperature, I could get an update on news and weather in the morning.",Entertainment,This requirement is classified as Entertainment because it displays news updates on transparent kitchen windows. It provides convenient access to media content as part of the user's morning routine.
1210,"to be alerted when the cabinet locks on my cabinet doors are broken or opened ,I know my child is safe",Safety,This requirement is classified as Safety because it alerts the user if cabinet locks are broken or opened. This helps ensure children remain protected from accessing potentially unsafe cabinet contents.
599,"recommendations of new tv shows, i can know what is new.",Entertainment,This requirement is classified as Entertainment because it provides recommendations for new television shows. It helps the user discover new entertainment content to watch.
1679,"my Smart Home to have an excellent taste of music, may dance & be happy at home..",Entertainment,This requirement is classified as Entertainment because it selects enjoyable music that encourages the user to dance and have fun at home. It enhances the user's music listening experience through personalized playback.
1809,"My home to turn off the television, mobile phones and computer until my children are done studying, my children can finish their homework without distractions.",Energy,This requirement is classified as Energy because it automatically turns off electronic devices while children are studying. This reduces unnecessary electricity usage.
2726,"automatic doors ,they require a finger print or voice command to open",Safety,This requirement is classified as Safety because automatic doors require fingerprint or voice authentication to open. This restricts access to authorized users.
2714,"Rollup window blind sensors ,The window blinds will open automatically during daylight hours and then close when it is dark.",Energy,This requirement is classified as Energy because window blind sensors automatically adjust blinds based on daylight conditions. This helps regulate indoor temperature and reduce energy use.
1106,"A carbon monoxide and smoke monitor that has a display and smart features, I don't have to deal with old smoke detectors and monitors that I'm not even sure are working properly.",Safety,This requirement is classified as Safety because it monitors carbon monoxide and smoke while providing smart monitoring features. This helps ensure hazards are detected reliably.
222,"Alarms to go off when movement is triggered, i can feel safe in my home alone.",Safety,This requirement is classified as Safety because alarms are triggered when movement is detected. This helps the user stay aware of possible intrusions.
2253,"My smart home to be prompted to ask me when I get home if I would like to listen to music, and allow me to select what I would like to listen to through a verbal menu., I can get music conveniently and easily, and save more time for relaxing after work..",Entertainment,This requirement is classified as Entertainment because it prompts the user to listen to music and allows selection through voice commands. It provides convenient access to personalized music for relaxation.
163,"my smart home to play my favorite music at 7:45 AM, I can wake up listening to my favorite music.",Entertainment,This requirement is classified as Entertainment because it automatically plays the user's favorite music at a scheduled time each morning. It provides an enjoyable way to wake up.
72,"To be notified by my smarthome when my energy consumption (electricity, gas) is higher than usual, I can adjust accordingly and save money on energy bills.",Energy,This requirement is classified as Energy because it notifies the user when electricity or gas consumption is higher than usual. This helps the user adjust usage and reduce energy costs.
1112,"My heater to turn on when the temperature gets too low, so that my family will stay warm.",Energy,This requirement is classified as Energy because it automatically turns on the heater when the temperature becomes too low. This manages home heating based on temperature conditions.
1916,"my smart home to track if my pet is inside or outside ,I know where she is.",Safety,This requirement is classified as Safety because it tracks whether the user's pet is inside or outside the home. This helps the user remain aware of the pet's location.
2066,"A daily readout of utility useage per zone (kitchen, bathroom), I can learn how to save energy and lower bills.",Energy,This requirement is classified as Energy because it provides daily utility usage information for different home zones. This helps the user identify opportunities to reduce energy consumption and lower bills.
205,"My smarthome to switch off All the bulbs after 10 pm automaticaly, we can save wastage of electricity.",Energy,This requirement is classified as Energy because it automatically switches off all bulbs after 10 p.m. This reduces unnecessary electricity consumption.
2337,"to be able to bet, I can win when I bet on a fighter.",Entertainment,This requirement is classified as Entertainment because it enables betting as a recreational activity. It supports the user's enjoyment of participating in betting events.
2716,"my TV to automatically play my favorite show/news channel when I get home from work., I don't have to waste time pressing buttons with my remote..",Entertainment,This requirement is classified as Entertainment because it automatically plays the user's favorite television show or news channel upon arriving home. It makes accessing preferred media content more convenient.
675,"my phone to alert me if carbon monoxide levels are outside of the normal range ,I can ensure that everyone in the house evacuates and is safe.",Safety,This requirement is classified as Safety because it alerts the user when carbon monoxide reaches unsafe levels. This enables occupants to evacuate and respond to the hazard promptly.
1027,"I want to get alert calls when my kids reach home, I can remain calm.",Safety,This requirement is classified as Safety because it alerts the user when their children arrive home. This helps the user know that they have reached home safely.
1311,"my TV to provide me with a list of options based on my preset and prioritized preference and automatically beep and change to the best show for me at that time, I don't miss any of my favorite shows and I don't have to spend time manually scrolling through a list of somewhat static options everyday..",Entertainment,This requirement is classified as Entertainment because it recommends and automatically switches to television programs based on the user's preferences. It helps the user easily watch favorite shows without manually searching.
856,"to be able to control the brightness of my rooms and turn off automatically when I leave the room,I can save on energy costs",Energy,This requirement is classified as Energy because it enables control of room lighting brightness and automatically turns lights off when the room is unoccupied. These features reduce unnecessary electricity usage and help lower energy costs.
3097,"outlet control ,I can turn off power to an outlet if I leave my hair straightener plugged in after I leave.",Safety,This requirement is classified as Safety because it allows the user to remotely cut power to an outlet if an appliance has been left plugged in. This helps reduce the risk of hazards caused by unattended electrical devices.
369,"A thermostat that takes the outdoor temperature and forecasts into account, I have reduced running time on the HVAC system.",Energy,This requirement is classified as Energy because the thermostat adjusts its operation using outdoor temperatures and weather forecasts. This reduces unnecessary HVAC runtime and improves energy efficiency.
869,"to have high resolution and night vision camera for my baby ,I know the second my baby is up and moving",Safety,This requirement is classified as Safety because high-resolution night vision cameras monitor the baby and notify the user of movement. This helps the user respond promptly when the baby is awake.
1738,"voice-activated lights ,I can turn on and off the lights wherever I am in the room.",Energy,This requirement is classified as Energy because voice commands allow the user to control lights from anywhere in the room. This supports convenient and efficient lighting management.
3106,"Walls that collect sunlight to heat my house, I spend less money on heat.",Energy,This requirement is classified as Energy because the walls collect sunlight to heat the house. This reduces the need for additional heating energy.
537,"my dishwasher to emit a beeping sound or text my phone when it is full and when the dishes are cleaned ,I can remember to turn on the dishwasher when it is full and to remember to turn it off when the dishes are cleaned to save energy and time",Energy,This requirement is classified as Energy because it notifies the user when the dishwasher is full and when the cleaning cycle is complete. This helps the user operate the dishwasher efficiently and avoid unnecessary energy use.
851,"A big tv in the attic that can move into whatever room I'm in, I could watch tv at any room.",Entertainment,This requirement is classified as Entertainment because it allows a television to move to whichever room the user is in. It enables the user to enjoy television content from anywhere in the home.
87,"my smart home to make recommendations when new movies come out that match my viewing habits, I will benefit from movie suggestions that I will probably enjoy..",Entertainment,This requirement is classified as Entertainment because it recommends new movies based on the user's viewing habits. It helps the user discover entertainment content they are likely to enjoy.
3014,"A toy collector, to sense toys on the floor and collect them.",Safety,This requirement is classified as Safety because it detects toys left on the floor and collects them automatically. This helps reduce the risk of accidents caused by tripping over toys.
1531,"My smart home to learn when I am not around and to turn off unnecessary items like TVs, coffeemaker, radio, etc., it will save me on electricity.",Energy,This requirement is classified as Energy because the smart home turns off unnecessary devices when the user is away. This reduces electricity consumption and saves energy.
365,"Lights that in front rooms turn on automatically, potential robbers are deterred thinking someone is home.",Safety,This requirement is classified as Safety because front room lights automatically turn on to make the home appear occupied. This helps discourage potential intruders.
1394,"device that plays music wirelessly from any device, Music and playlists can easily be listened to..",Entertainment,This requirement is classified as Entertainment because it enables wireless music playback from any device. It allows users to easily access and enjoy their music and playlists.
3057,"save time cleaning so automatic cleaner ,I spend moretime with kids",Energy,This requirement is classified as Energy because it automates cleaning tasks to reduce manual effort. This performs household work efficiently through automated operation.
2858,"My smart home to alert me when the children are not watching the proper television programs., I can supervise my children without needing to actually spend time with them..",Entertainment,This requirement is classified as Entertainment because it monitors the television programs being watched by children. It helps the user supervise entertainment content viewed within the home.
2932,"Smart washing machine, I just have to add the clothes and it washes, adds detergent and dries automatically when full.",Energy,"This requirement is classified as Energy because it automates washing, adding detergent, and drying when the machine is full. This performs laundry efficiently through automated operation."
1063,"to be alerted if there is no activity at my neighbor's house for a set extended period of time ,I can inquire after the wellbeing of my neighbors if they have not been active after an extended period",Safety,This requirement is classified as Safety because it alerts the user when there has been no activity at a neighbor's house for an extended period. This allows the user to check on the neighbor's well-being.
528,"water to turn off when I am brushing my teeth ,I don't have to do it",Energy,This requirement is classified as Energy because it automatically turns off the water while the user is brushing their teeth. This reduces unnecessary water consumption.
