req_id,requirement,label,reference_explanation,,,,,
1713,"Automatic lawnmower, it can cut the grass itself without anyone doing it.",Other,This requirement is classified as Other because it automates lawn mowing without requiring user intervention. This provides convenience by handling routine yard maintenance.,,,,,
1225,"An alarm to go off when my dog stands by the door for more than 5 seconds, I can avoid accidents.",Other,This requirement is classified as Other because it alerts the user when the dog has been waiting at the door for a period of time. This helps the user respond promptly to the pet's needs.,,,,,
3030,"Alert system for washer and dryer, I can be alerted to a load finishing no matter where I am in the house.",Other,This requirement is classified as Other because it notifies the user when the washer or dryer has finished a load. This provides convenient status updates regardless of the user's location in the house.,,,,,
1074,"My home to let me know when dust particulates are high, don't go into anaphalaxis.",Health,This requirement is classified as Health because it monitors dust particulate levels in the home. This helps the user avoid exposure that could trigger a severe allergic reaction.,,,,,
1915,"Home monitors observe my activity and know when I am about to leave and have a Uber ready, Save time, just walk out and go.",Other,This requirement is classified as Other because it monitors the user's routine and automatically prepares transportation before they leave home. This improves convenience and saves time.,,,,,
866,"Projected figure to assist me with a click of a remote, i could get any help i need in any room.",Other,This requirement is classified as Other because it projects a virtual assistant into any room when requested. This provides convenient assistance throughout the home.,,,,,
448,"A home that helps me to nourish and grow my plants, i can keep a healthy garden.",Other,This requirement is classified as Other because it helps the user care for and grow plants. This supports convenient garden maintenance.,,,,,
2732,"My smart home to adjust the water temperature in the shower by my input into my smart phone, take comfortable showers.",Health,This requirement is classified as Health because it allows the user to adjust shower water temperature through a smartphone for a comfortable shower. This supports the user's physical comfort and well-being.,,,,,
2052,"To know the amount of time my vegetables have been in the fridge, I can use them all before they go bad.",Health,This requirement is classified as Health because it tracks how long vegetables have been stored in the refrigerator. This helps the user consume food before it spoils.,,,,,
641,"My television to alert me when someone calls the home line, I don't miss a call when I have the TV blasting.",Other,This requirement is classified as Other because it alerts the user to home phone calls while they are watching television. This helps ensure calls are not missed.,,,,,
1967,"My smart home to sync with package deliveries, so that the packages can be left at my door.",Other,This requirement is classified as Other because it synchronizes the smart home with package deliveries. This supports convenient package reception at the home.,,,,,
2777,"Smart pooper scooper, it will automatically clean up what my dogs leave in the yard and either dispose of waste through plumbing or place into an airtight receptacle.",Health,This requirement is classified as Health because it automatically removes and disposes of pet waste. This helps maintain a cleaner and more hygienic outdoor environment.,,,,,
3217,"A Refrigerator that can display what the best prices in my area are for food I'm running low on, I know where to go shopping for this food that day.",Other,This requirement is classified as Other because the refrigerator displays local prices for items that are running low. This helps the user plan shopping more conveniently.,,,,,
2759,"Temperature sensing oven, the temperature of the food will be displayed.",Health,This requirement is classified as Health because it displays the temperature of food while cooking. This helps the user monitor food preparation appropriately.,,,,,
2731,A robot that can prepare meals for me. I don't have to waste time cooking.,Other,This requirement is classified as Other because a robot prepares meals automatically. This saves the user time and effort in cooking.,,,,,
1226,"My baby's room to play soothing music whenever it starts crying, the baby will calm down.",Other,This requirement is classified as Other because the baby's room automatically plays soothing music when the baby cries. This provides automated comfort for the baby.,,,,,
665,"A notification via my phone/smart watch letting me know when my food is ready, I can concentrate on other things and keep the food from burning or cooking to long.",Other,This requirement is classified as Other because it notifies the user when food is ready. This allows the user to focus on other tasks while cooking.,,,,,
2110,"My tv to allow me to order food for delivery with my voice, it will make it easier for me to provide a meal for my family.",Other,This requirement is classified as Other because it allows the user to order food delivery through voice commands on the television. This provides a convenient way to arrange meals.,,,,,
1602,"Feature to notify health issue, I can detect do I need medicine.",Health,This requirement is classified as Health because it notifies the user about potential health issues. This helps the user determine when medication may be needed.,,,,,
2934,"a voice control system that allows me to monitor multiple features in the house,I can change features anywhere in the home",Other,This requirement is classified as Other because it enables voice-based control and monitoring of multiple smart home features from anywhere in the house. The primary objective is to provide convenient and centralized home automation functionality.,,,,,
1297,"My home to monitor my body and it's functions and test excretions for possible ailments, I can be sure I'm healthy and disease free.",Health,This requirement is classified as Health because it monitors the user's body functions and analyzes excretions for possible illnesses. This supports health monitoring and early detection of potential ailments.,,,,,
3128,"A robot pooper scooper, it can follow Fido in the yard and bag and toss his waste so I don't have to.",Health,This requirement is classified as Health because a robot automatically collects and disposes of pet waste. This helps maintain a cleaner and more hygienic environment.,,,,,
969,Dog food to be dispensed from a device into my dog's bowl at the same time every day. My dog will eat at the same time every day.,Other,This requirement is classified as Other because it automatically dispenses dog food at scheduled times. This provides convenient and consistent pet feeding.,,,,,
1459,"Smart water sprinklers, they only turn on when they sense that there has been a shortage in natural water fall.",Other,This requirement is classified as Other because smart sprinklers automatically water based on natural rainfall conditions. This provides automated irrigation management.,,,,,
811,"Doors to shut automatically if I leave them open unattended, I can feel better about the cleanliness of my house.",Health,This requirement is classified as Health because doors automatically close when left open. This helps maintain a cleaner indoor environment.,,,,,
653,"My smart home to keep track of my pets health, they will remain healthy.",Health,This requirement is classified as Health because it monitors the pet's health. This helps ensure the pet remains healthy by tracking its condition.,,,,,
3079,"Leakage sensors, if anything around my tank starts to leak, I get notified.",Other,This requirement is classified as Other because leakage sensors notify the user when a tank begins to leak. This provides timely information about maintenance issues.,,,,,
225,"My coffeemaker to start automatically, my coffee will be ready when I go to wake my son up early in the morning.",Other,This requirement is classified as Other because the coffee maker starts automatically before the user wakes up. This provides convenience by having coffee ready when needed.,,,,,
1043,"Bed that makes itself, I can save time on making the bed.",Other,This requirement is classified as Other because the bed automatically makes itself. This reduces the user's daily household chores and saves time.,,,,,
832,"to open my garage door  ,I can save on time and energy",Other,This requirement is classified as Other because it allows the user to open the garage door automatically. This provides greater convenience and saves time.,,,,,
3136,"be able to scan movement in the walls regularly  ,i can be alerted by pests when they first intrude.",Health,This requirement is classified as Health because it regularly scans walls for pest activity. This helps maintain a healthier living environment by detecting infestations early.,,,,,
1010,"suggestions and recipes of what I can make for a meal with whatever ingredients I have in the fridge ,I will be able to make full use of my groceries.",Other,This requirement is classified as Other because it suggests recipes based on the ingredients available in the refrigerator. This helps the user make better use of available groceries.,,,,,
3105,"uv light show holder,kill germs",Health,This requirement is classified as Health because it uses ultraviolet light to eliminate germs and promote a cleaner environment. The primary objective is to support health and well-being by reducing exposure to harmful microorganisms.,,,,,
909,"my refrigerator and freezer temperature monitored ,I don't have to worry about food contamination, spoilage or inadequate food storage",Health,This requirement is classified as Health because it monitors refrigerator and freezer temperatures. This helps prevent food spoilage and contamination by maintaining proper food storage conditions.,,,,,
1971,"My car to start warming up on my schedule ,I don't have to do the remote start manually each workday morning. ",Other,This requirement is classified as Other because it automatically warms up the user's car according to a schedule. This provides convenience by eliminating the need for manual remote starting.,,,,,
2009,"a medicine cabinent ,i can keep my medicine organized.",Health,"This requirement is classified as Health because it provides organized storage for medications, making them easier to manage and access when needed. The primary objective is to support effective medication management and promote health-related organization.",,,,,
3048,"harmful gases, lead levels, and more are monitored  ,my children are healthy at all times",Health,"This requirement is classified as Health because it monitors harmful gases, lead levels, and other environmental hazards. This helps maintain a healthier indoor environment for the family.",,,,,
609,"to know when my children are not feeling well ,i can take them to hospital",Health,This requirement is classified as Health because it detects when children are not feeling well. This allows timely medical attention when needed.,,,,,
3006,"my smart home to equipped with smart bed ,it can track my hours of sleep,breathing,heart rate and movement",Health,"This requirement is classified as Health because the smart bed tracks sleep, breathing, heart rate, and movement. This supports ongoing health monitoring and well-being.",,,,,
286,"my smarthome to alert me whenever the amount of milk in my fridge is too low ,I can get them from the supermarket and enjoy a wholesome breakfast",Health,This requirement is classified as Health because it alerts the user when milk is running low. This helps ensure nutritious food remains available.,,,,,
1563,"a device that can monitor my well being and health ,I will be alerted to changes in my health",Health,This requirement is classified as Health because it monitors the user's well-being and health. This alerts the user to changes in their health condition.,,,,,
2002,"ceiling fans to come on automatically ,air will be circulated for constant temp and comfort",Health,This requirement is classified as Health because it automatically circulates air to maintain a comfortable indoor temperature. The primary objective is to promote occupants' comfort and well-being through improved indoor environmental conditions.,,,,,
1847,"a connected washing machine that could turn on when I leave work ,my clothes can be ready to put in the dryer when I get home and will not have been wet in the washer all day",Other,This requirement is classified as Other because the washing machine starts automatically when the user leaves work. This provides convenience by having laundry ready for the next step upon arrival home.,,,,,
2941,"my smart home to provide me with a daily report containing weight, percent body fat, heart rate, respiration rate and blood pressure ,I can keep track of my health progress",Health,"This requirement is classified as Health because it provides daily reports of health measurements such as weight, heart rate, and blood pressure. This helps the user monitor their health over time.",,,,,
1325,"automated temperature checker  ,I can take a temperature without having to disturb who ever is not feeling well ",Health,This requirement is classified as Health because it measures a person's temperature automatically. This allows health monitoring without disturbing someone who is unwell.,,,,,
1993,"my smart home to automatically vacuum the floors daily while I am at work,the floors will always be clean",Health,This requirement is classified as Health because it automatically cleans the floors to maintain a cleaner living environment. The primary objective is to support household hygiene and well-being by reducing dirt and maintaining cleanliness.,,,,,
1995,"gutters that clean themselves ,I don't have to get up on a ladder.",Other,This requirement is classified as Other because the gutters clean themselves automatically. This reduces the need for manual maintenance.,,,,,
1929,"fragrance sprinkler near my cat's litterbox ,that it will activate after my cat uses it, to keep the room smelling fresh.",Other,This requirement is classified as Other because it automatically releases fragrance after the cat uses the litter box. This improves household convenience by keeping the room fresh.,,,,,
2850,"the robot vacuum cleaner to return to its charging station when needed ,the vacuum can run all day long when we are not home",Health,This requirement is classified as Health because the robot vacuum automatically returns to its charging station to continue cleaning. This supports maintaining a clean living environment.,,,,,
2027,"automated feeding ,my pet can be fed when im not here",Other,This requirement is classified as Other because it automatically feeds the user's pet while they are away. This provides convenient pet care automation.,,,,,
1008,"to be notified whenever the cat is sitting in the bath tub, so I can turn on the tap for him. ,so I can turn on the tap for him.",Other,This requirement is classified as Other because it notifies the user when the cat is sitting in the bathtub. This helps the user respond to the pet's behavior conveniently.,,,,,
3236,"a timer on my TV that automatically starts when turned on ,my children don't watch TV all day.",Health,This requirement is classified as Health because it automatically limits television viewing time. This helps reduce excessive screen time for children.,,,,,
2461,"If any letter dorped in my letter box. ,I can know immidietly.",Other,This requirement is classified as Other because it notifies the user when mail is delivered to the letterbox. This provides convenient awareness of incoming mail.,,,,,
1186,"my coffee maker to automatically perpare itself for the next mornign with water and coffee ,coffee is always reading in the mornign",Health,This requirement is classified as Health because it automatically prepares the coffee maker for the next morning. This supports the user's daily routine and well-being.,,,,,
981,"The crock pot to turn on at a certain time of the day ,When I get home the food I put in the crock pot will be done.",Other,This requirement is classified as Other because the crock pot starts cooking at a scheduled time. This ensures meals are ready when the user arrives home.,,,,,
1099,"my home to be able to tell me where my electronic devices such as my phone or tv remotes are even when they are powered off ,i can save time not searching for lost things",Other,This requirement is classified as Other because it locates electronic devices even when they are powered off. This helps the user quickly find misplaced items.,,,,,
1986,"alarm to tell me when air con filters need changing,inside air is better and use less energy",Health,This requirement is classified as Health because it monitors when the air conditioner filters need to be changed to maintain better indoor air quality. The primary objective is supporting a healthier living environment by ensuring cleaner air inside the home.,,,,,
976,"I wnt my favorite chair to be is massage mode when I get home. ,So that I can relax when I get home.",Health,This requirement is classified as Health because it automatically activates the massage function of the user's chair upon arrival home. This promotes relaxation and physical well-being.,,,,,
1054,"a device that reads any book/notes I hover it over ,I can study while doing other things",Other,This requirement is classified as Other because it reads books or notes aloud when they are placed under the device. This allows the user to study while performing other activities.,,,,,
1206,"Software integrated through the refrigerator, all cooking appliances, any and all exercise equipment, and my bike & Fitbit, to fully track all calories consumed, burned, muscle development, hydration, and other factors relating to health and weight loss. Reminders to take daily vitamins & supplements. My house can help me lose weight and improve my strength and stamina.",Health,"This requirement is classified as Health because it tracks calories, exercise, hydration, body development, and provides reminders for vitamins and supplements. This supports weight management and overall health improvement.",,,,,
2888,"Sensors that will detect rodent activity, I'll know when varmint control measures need to be taken.",Other,This requirement is classified as Other because it detects rodent activity in the home. This helps the user know when pest control measures are needed.,,,,,
1073,"'Piggy' bank that tracks the money added and responds with congratulations and other comments, I can be encouraged to save.",Health,This requirement is classified as Health because it encourages the user to save money through positive feedback. This supports the user's well-being by promoting positive habits.,,,,,
1978,"my mattress to heat up at the same time my thermostat cools down,I can be warm when I go to bed",Health,This requirement is classified as Health because it coordinates the mattress and thermostat to maintain a comfortable sleeping environment that supports restful sleep. The primary objective is improving the user's physical comfort and well-being during sleep.,,,,,
2740,A machine that has wash/dry cycle in the same machine. I don't have to take out my clothes to put from the washer to the dryer.,Other,This requirement is classified as Other because it combines washing and drying into a single machine. This simplifies the laundry process and improves convenience.,,,,,
3090,"water sensor,I'm notified if my basement starts to leak water.",Other,"This requirement is classified as Other because it provides a notification when water leakage is detected in the basement, allowing the user to respond promptly. The primary objective is monitoring and informing the user about home conditions as a general smart home management function.",,,,,
1118,"My smart home to calculate our walking step inside home individual, so that it will motivate to stay as fit.",Health,This requirement is classified as Health because it calculates each person's walking steps inside the home. This encourages physical activity and fitness.,,,,,
1717,"Automatic toilet seat, once I walk up to it, the lid opens and when I am finished, the lid shuts and flushes by itself.",Health,"This requirement is classified as Health because the toilet automatically opens, flushes, and closes after use. This promotes hygiene through hands-free operation.",,,,,
2869,My coffee freshly ground and brewed every morning before I wake up. I can save time.,Other,This requirement is classified as Other because it automatically grinds and brews fresh coffee before the user wakes up. This provides convenience and saves time.,,,,,
59,"Smart appliances that give me relevant information on the food i'm cooking, Food always gets cooked as much as it's needed.",Health,This requirement is classified as Health because smart appliances provide information about the food being cooked. This helps ensure food is cooked appropriately for consumption.,,,,,
1521,"The option to activate the opening and closing of window curtains by using a remote or smart phone application, during the day the blinds can be open and closed when necessary without having to manually open and close them.",Other,This requirement is classified as Other because it allows window curtains to be opened and closed remotely using a smartphone or remote control. This provides convenient home automation.,,,,,
2091,"Smart garbage can that scans barcodes of what I throw out, and if it is a regularly used product (paper towels, eggs, bread bag,) puts them on a the 'to buy'/grocery list so I wont forget, I will not forget to buy oft-used staples for the house.",Health,This requirement is classified as Health because it tracks discarded food products and automatically adds frequently used items to a grocery list. This helps maintain an adequate supply of household food items.,,,,,
1020,"I want the windows to lock, no flies come in.",Health,This requirement is classified as Health because locking the windows prevents flies from entering the home. This helps maintain a cleaner and healthier indoor environment.,,,,,
917,"The door to record the time of day or night it is opened, I can know what time my teenager comes home without having to stay up for him or her.",Other,This requirement is classified as Other because it records the times when the door is opened. This provides convenient information about household activity.,,,,,
1335,"My smart home to detect and sound an alarm when my pet is on the counters, I can teach him when I am not at home.",Other,This requirement is classified as Other because it detects when a pet is on the counters and sounds an alarm. This helps the user monitor and train the pet even when away.,,,,,
2592,"A food device that organizes food portions and/or calories, I can maintain a healthy weight and lifestyle.",Health,This requirement is classified as Health because it organizes food portions and calorie intake. This supports maintaining a healthy weight and lifestyle.,,,,,
1397,"To be able to access my pantry and fridge's inventory, i can get exactly what i need from the grocery store without having to create a list.",Other,This requirement is classified as Other because it allows the user to access pantry and refrigerator inventories remotely. This makes grocery shopping more convenient.,,,,,
2050,"My smart refrigerator to sense variations in temperature and alert me if maintenance will soon be required, I'm not caught with a broken fridge and lose all my food.",Health,This requirement is classified as Health because it monitors refrigerator temperature changes and alerts the user when maintenance may be needed. This helps preserve food safely by preventing appliance failure.,,,,,
2530,Notify me if there are any shortage in my kitchen product. I can buy at time.,Health,This requirement is classified as Health because it notifies the user when kitchen products are running low. This helps ensure essential food items are replenished in time.,,,,,
3225,"Soft lullaby music to play when I enter the nursery with my child, my baby will stay asleep.",Health,This requirement is classified as Health because soft lullaby music plays automatically in the nursery. This supports the baby's rest and well-being.,,,,,
2258,"My smart home to let me know if I've left clothes in the washer for too long, they don't get that nasty funk.",Other,This requirement is classified as Other because it reminds the user when clothes have been left in the washer for too long. This provides a convenient laundry management feature.,,,,,
2185,"The TV to turn off when my laptop is on and vice versa, I can study better and focus on one thing at once.",Other,This requirement is classified as Other because it prevents the TV and laptop from operating at the same time. This helps the user focus on a single activity.,,,,,
647,"My smart home to help me keep track of what my responsibilities are, I wont forget what I need to do.",Other,This requirement is classified as Other because it helps the user keep track of responsibilities and tasks. This provides convenient assistance with daily organization.,,,,,
417,Sensors to realize when I am tossing and turning in bed and turn the temperature in the room down automatically. I won't wake up from being too hot.,Health,This requirement is classified as Health because it detects tossing and turning during sleep and adjusts the room temperature. This helps improve sleep comfort and well-being.,,,,,
1549,"Fire place turns on when I get home from work, it will be warm and relaxing after work.",Health,This requirement is classified as Health because the fireplace automatically turns on before the user arrives home to provide warmth and relaxation. This supports physical comfort and well-being.,,,,,
1926,"Blinds automatically open with the sun rise and direction, Maximize amount of sunlight in home.",Health,This requirement is classified as Health because the blinds automatically open with the sunrise to maximize natural sunlight. This supports a healthier indoor environment through increased daylight.,,,,,
1895,"self-cleaning tub,I'll have less chores",Health,This requirement is classified as Health because it automates cleaning of the bathtub to maintain a cleaner and more hygienic bathroom environment. The primary objective is supporting a healthier living environment by reducing the buildup of dirt and contaminants.,,,,,
951,"Increase the heart beat, to ensure the health fitness.",Health,This requirement is classified as Health because it supports increasing heart rate to improve physical fitness. This promotes better health and exercise outcomes.,,,,,
607,"My smart home to clean my cats's litter box whenever its soiled, I don't have to breathe in the fumes from the litter box.",Health,This requirement is classified as Health because it automatically cleans the cat's litter box after use. This reduces exposure to litter fumes and improves hygiene.,,,,,
2529,"Self loading washer and dryer, Myself and elderly people or people with back problems can have an easier time doing laundry.",Health,This requirement is classified as Health because a self-loading washer and dryer reduce the physical effort required for doing laundry. This makes the task easier for elderly users and people with back problems.,,,,,
1641,"I want a refrigerator that automatically monitors and purchases groceries that are low, ,I can save time from having to shop.",Health,This requirement is classified as Health because the refrigerator monitors groceries and automatically purchases items that are running low. This helps ensure essential food remains available.,,,,,
1221,"a self cleaning toilet ,I don't have to clean the toilet",Other,This requirement is classified as Other because the toilet cleans itself automatically. This reduces the user's household cleaning effort.,,,,,
1647,"a home that monitors my gym membership activity and reminds me to work out, ,I can stay motivated to work out.",Health,This requirement is classified as Health because it monitors gym attendance and reminds the user to exercise. This encourages regular physical activity and supports fitness.,,,,,
2089,"a fridge that automatically knows what I put in it by scanning the barcodes of food and tells me what I have at the push of a button ,I know what I have, and food does not go to waste",Health,This requirement is classified as Health because the refrigerator tracks stored food by scanning barcodes and maintains an inventory. This helps reduce food waste and manage food supplies.,,,,,
717,"my smart home to ring a bell at meal times ,I don't have to call each and every person separetely",Other,This requirement is classified as Other because it rings a bell at meal times. This conveniently notifies everyone without requiring the user to call each person individually.,,,,,
934,"my smart home to alert me when it is time for a meal. ,I can keep up with a consisting meal schedule.",Health,This requirement is classified as Health because it reminds the user when it is time to eat. This supports maintaining a consistent meal schedule.,,,,,
1976,"a fridge that monitors my supplies ,I know what ingredients I have to work with",Health,This requirement is classified as Health because the refrigerator monitors available food supplies. This helps the user keep track of ingredients for meals.,,,,,
2584,"a smart computer system ,it is up and ready for work in the morning automatically without my having to turn it on",Other,This requirement is classified as Other because the computer starts automatically before the user begins work. This provides convenience by reducing setup time.,,,,,
2502,"A weight scale to store and analyze my weight trends ,I know where I stand",Health,This requirement is classified as Health because the weight scale stores and analyzes weight trends. This helps the user monitor their physical health over time.,,,,,
1988,"my smart home to sense when to and water my houseplants when they need it ,i won't have to remember ",Other,This requirement is classified as Other because the smart home automatically waters houseplants when needed. This automates plant care without requiring the user to remember.,,,,,
1885,"auto cleaning fridge,i don't have to",Health,This requirement is classified as Health because it automatically cleans the refrigerator to maintain a cleaner and more hygienic food storage environment. The primary objective is supporting health by reducing contamination and improving cleanliness.,,,,,
2719,"my smart home to tell me if clothes are finished washing or drying.  ,I can take them out or transfer them. ",Other,This requirement is classified as Other because it notifies the user when clothes have finished washing or drying. This provides convenient updates for laundry management.,,,,,
1041,"self scrubbing carpets ,I never have to pay for a deep cleaner when i move",Health,This requirement is classified as Health because carpets automatically scrub themselves to maintain cleanliness. This supports a cleaner and healthier indoor environment.,,,,,
548,"my smart home to warn me if there is mold in the air, in my fridge or bathroom. ,I maintain a healthy environment",Health,"This requirement is classified as Health because it detects mold in the air, refrigerator, or bathroom. This helps maintain a healthy living environment by identifying potential health hazards.",,,,,
841,"to have wifi coffee machines ,I can easily brew coffee with an app",Other,This requirement is classified as Other because it allows the coffee machine to be controlled through a mobile app. This provides convenient remote operation.,,,,,
1889,"access to the home without keys,I don't have to hold onto multiple homeowner's keys. I can gain access to a home/certain rooms with just my phone. ",Other,"This requirement is classified as Other because it enables keyless access to the home using a smartphone for greater convenience. The primary objective is simplifying home access through general smart home automation rather than addressing a specific domain such as energy, health, safety, or entertainment.",,,,,
2033,"my smart home to include a closet that automatically pulls together my clothing outfit for each day on my voice command ,I don't have to think about it",Other,This requirement is classified as Other because it automatically selects a clothing outfit based on a voice command. This simplifies the user's daily routine.,,,,,
2400,"my smart home to automatically pick up my cat's droppings ,the house will not smell and I won't have to do it",Health,This requirement is classified as Health because it automatically removes cat droppings. This helps maintain a cleaner and more hygienic home environment.,,,,,
1505,"a SMART Home option that will allow my pet to walk to the door, bark, and a dog door raises to let them out ,it will keep unwanted animals from aimlessly wandering into your house.",Health,This requirement is classified as Health because it allows a pet to exit through a controlled dog door while preventing unwanted animals from entering. This supports the pet's well-being while maintaining a cleaner environment.,,,,,
1896,"A kitchen that can upload recipe requirements from my computer to my appliance,the stove will preheat itself, timers will be pre-set, and I'll save time preparing food.",Other,This requirement is classified as Other because it coordinates multiple kitchen appliances using recipe information to automate meal preparation tasks. The primary objective is improving convenience and simplifying everyday cooking through general smart home automation.,,,,,
1179,"my oven to be preheated when I get home ,dinner will be ready 10 minutes earlier",Health,"This requirement is classified as Health because the oven is preheated before the user arrives home, making meal preparation easier. This supports a more convenient daily routine around meals.",,,,,
1613,"to check my food to be healthy and things which we buy is organic ,it makes us healthy",Health,This requirement is classified as Health because it checks whether purchased food is healthy and organic. This helps the user make healthier dietary choices.,,,,,
1461,"a smart mailbox ,i receive smart phone notifications when mail is placed in my box",Other,This requirement is classified as Other because a smart mailbox sends notifications when mail is delivered. This provides convenient awareness of incoming mail.,,,,,
1124,"my smart home to activate the Roomba at certain times of the day, ,my home stays clean.",Health,This requirement is classified as Health because it schedules the robot vacuum to clean the home automatically. This helps maintain a cleaner indoor environment.,,,,,
2801,"my smart phone to be able to remind me when to do water changes in my tanks ,I can be reminded to do fish chores.",Other,This requirement is classified as Other because it reminds the user when water changes are due for their tanks. This helps the user manage routine maintenance tasks.,,,,,
270,"it to run a lawn mower if the grass is getting too high and out of control. ,the grass is maintained and looking nice.",Other,This requirement is classified as Other because it automatically operates the lawn mower when the grass becomes too long. This keeps the lawn maintained with minimal user effort.,,,,,
2905,"my smart home to let me know if I have exceeded my monthly water allotment ,I can conserve water and save money",Health,This requirement is classified as Health because it notifies the user when monthly water usage exceeds the allotted amount. This encourages responsible water use for household well-being.,,,,,
2431,"my bed to slowly tilt so that I roll out of it in the morning  ,I don't stay in bed too long",Health,This requirement is classified as Health because the bed gradually tilts to help the user get out of bed. This encourages a healthier daily routine by reducing oversleeping.,,,,,
170,"Bed automatically makes itself for sleeping and after sleeping ,no need to occupant manually make bed",Other,This requirement is classified as Other because the bed automatically makes itself before and after use. This reduces the user's daily household chores.,,,,,
840,"an alert to my phone when a package is left on my doorstep ,I know to pick it up and will know if it goes missing.",Other,This requirement is classified as Other because it sends a phone alert when a package is delivered to the doorstep. This helps the user conveniently retrieve deliveries.,,,,,
1829,"A soil monitor, I can be alerted when my plants need watering.",Other,This requirement is classified as Other because it monitors soil conditions and alerts the user when plants need watering. This provides convenient assistance with plant care.,,,,,
3044,"Scale to upload weight to a data server, I can keep track of it.",Health,This requirement is classified as Health because it uploads weight measurements to a data server. This helps the user monitor their weight over time.,,,,,
207,"My smart home to inform me quickly when my solar water heater does heat water, I don't need to go everytime in bathroom to check the hotness of water.",Other,This requirement is classified as Other because it notifies the user when the solar water heater has heated the water. This provides convenient information without requiring manual checking.,,,,,
1215,"Automatic window cleaners, I do not need to spend hours cleaning them.",Other,This requirement is classified as Other because it automatically cleans windows. This reduces the user's household maintenance effort.,,,,,
3060,"Synchronized alarm clocks, my entire family can be woken at the same time.",Other,This requirement is classified as Other because synchronized alarm clocks wake the entire family at the same time. This provides convenient coordination of daily routines.,,,,,
806,"The ability to monitor my dog's water bowl, I know when it should be filled.",Health,This requirement is classified as Health because it monitors the dog's water bowl and indicates when it needs refilling. This helps ensure the pet has adequate access to water.,,,,,
2383,"A robot that pours me my captain crunch, i don't have to pour my own captain crunch.",Other,This requirement is classified as Other because a robot automatically pours cereal for the user. This provides convenience by automating a routine task.,,,,,
3176,"A machine to tell me what allergens are in my home, I can stay healthy.",Health,This requirement is classified as Health because it detects allergens present in the home. This helps the user maintain a healthier indoor environment.,,,,,
1876,"air purifier,fresh air ",Health,This requirement is classified as Health because it improves indoor air quality by providing cleaner and fresher air. The primary objective is supporting the occupants' health and well-being through a healthier indoor environment.,,,,,
363,"My home to automatically wake up children at a predetermined time for school, I do not have to wake my children up myself and they are not late for school.",Other,This requirement is classified as Other because it automatically wakes children at a scheduled time for school. This reduces the need for manual intervention by the user.,,,,,
3104,"Sensors on doors, doors auotmatically open and close when I am near them.",Other,This requirement is classified as Other because sensors automatically open and close doors when the user approaches. This provides convenient hands-free access.,,,,,
669,"To be able to start my car from inside the house, it can warm up in winter time.",Health,This requirement is classified as Health because it allows the user to start the car remotely so it is warm in winter. This supports the user's physical comfort before travel.,,,,,
642,"My smart home to keep track of my health, I can stay healty.",Health,This requirement is classified as Health because it keeps track of the user's health. This supports ongoing monitoring of the user's well-being.,,,,,
3122,"A washer and drier that text me as soon as they're done, I can do the laundry more quickly and efficiently.",Other,This requirement is classified as Other because the washer and dryer send a text message when a cycle is complete. This provides convenient laundry status updates.,,,,,
2298,"Flea sesors, I will know as soon as my pet has a flea.",Health,This requirement is classified as Health because it detects fleas on the user's pet. This helps maintain the pet's health by identifying infestations early.,,,,,
2284,"Plant moisture detector, plants are watered in a timely manner.",Other,This requirement is classified as Other because it detects plant moisture levels. This helps ensure plants are watered at the appropriate time.,,,,,
2106,"My work computer to turn on at a set time each day, I am never late logging in for work.",Other,This requirement is classified as Other because it automatically turns on the user's work computer at a scheduled time. This supports a more convenient work routine.,,,,,
3164,"A program where I can tag unwanted mail, I no longer receive junk in the mail.",Other,This requirement is classified as Other because it allows the user to identify unwanted mail to reduce future junk mail. This improves convenience in managing correspondence.,,,,,
1245,"Answer phone, use hands less.",Other,This requirement is classified as Other because it allows phone calls to be answered hands-free. This provides greater convenience during communication.,,,,,
33,"My smart home to open my garage door when it senses my vehicle arriving outside of it, I don't have to worry about carrying a remote control opener.",Other,This requirement is classified as Other because it automatically opens the garage door when the user's vehicle arrives. This eliminates the need to use a remote control.,,,,,
1288,"Alarm, wake up alarm to get up for reading.",Health,This requirement is classified as Health because it provides a wake-up alarm for reading. This supports maintaining a planned daily routine.,,,,,
992,"Auto humidifier when necessary, healthy level of humidity is in the air.",Health,This requirement is classified as Health because it automatically operates a humidifier when needed to maintain healthy indoor humidity levels. This supports a healthier living environment.,,,,,
1868,"Diet system that control kitchen, auto suggest to eat, time suggest, follow it.,Health diet, make a special time to eat.",Health,This requirement is classified as Health because it provides dietary recommendations and meal-time reminders to encourage healthy eating habits. The primary objective is supporting the user's health and well-being through diet management and nutrition guidance.,,,,,
3037,"Wifi wired into all of the walls, I would never have to worry about weak internet anywhere in the house.",Other,This requirement is classified as Other because it provides consistent Wi-Fi coverage throughout the home. This improves convenience by eliminating weak signal areas.,,,,,
1542,"Database of my husband's blood sugar and pressure, i can help him keep his health appropiately.",Health,This requirement is classified as Health because it stores records of blood sugar and blood pressure. This helps monitor and manage the user's husband's health.,,,,,
562,"A smart home that has motion sensors that I can program to trigger music/lighting/audio reminders when I enter a certain room, I can benefit from the convenience of not having to turn things on manually, and also to remember why I go to certain rooms in the first place.",Other,"This requirement is classified as Other because programmable motion sensors trigger music, lighting, or reminders when the user enters a room. This provides convenient home automation and reminders.",,,,,
1009,"To be notified whenever I get new mail, I don't have to spend time checking the mailbox if there is no new mail.",Other,This requirement is classified as Other because it notifies the user when new mail has arrived. This eliminates unnecessary trips to check the mailbox.,,,,,
584,"Smart faucets on my sink that monitor the water for pollutants, and alert me if any new threats are found, I can know that I'm drinking clean, healthy water.",Health,This requirement is classified as Health because smart faucets monitor water for pollutants and alert the user to contamination. This helps ensure access to clean drinking water.,,,,,
629,"To know when I need to exercise, I can be healthy.",Health,This requirement is classified as Health because it reminds the user when exercise is needed. This encourages healthy physical activity.,,,,,
25,"My smart home to sync with my alarm in the morning to turn on the lights and shower when it's time for me to wake up, I can start my day more efficiently.",Health,This requirement is classified as Health because it coordinates lights and the shower with the user's morning alarm to support an efficient daily routine. This promotes a smoother start to the day.,,,,,
1575,"my smart home to allot food to my pets in relationship to their tracked expended energy as determined by their collars and movement ,my pets will receive more food appropriately when they have been especially active and will be hungry.",Health,This requirement is classified as Health because it adjusts pet food portions based on the pets' tracked activity levels. This helps ensure pets receive appropriate nutrition for their health and well-being.,,,,,
1295,"my home to monitor clothes and bed sheets from the last time they were laundered ,I can make sure my clothes and bed sheets are always clean",Other,This requirement is classified as Other because it monitors when clothes and bed sheets were last laundered. This helps the user manage household chores more effectively.,,,,,
1095,"my scale to connect to my ipad ,I can track weightloss",Health,This requirement is classified as Health because it connects the scale to an iPad to track weight loss. This supports monitoring the user's health progress.,,,,,
1411,"I want a lawn that will absorb all dog poop ,People with back problems will not have to bend to pick up feces anymore",Other,This requirement is classified as Other because it automatically removes dog waste from the lawn. This reduces the effort required for yard maintenance.,,,,,
3179,"a device that changes the temperature of the house to my comfort when I walk in or 30 minutes before I walk in.   ,I am comfortable when I walk in.",Other,This requirement is classified as Other because it automatically adjusts the home's temperature before or when the user arrives. This provides personalized comfort through home automation.,,,,,
1668,"feature that will interect with my dog for an hour each day ,so that my dog  will be  happy & engaged when I'm away from home.",Other,This requirement is classified as Other because it interacts with the user's dog each day while the user is away. This provides automated companionship for the pet.,,,,,
1200,"Full interactive voice recognition throughout the home (think SARAH from Eureka) and linked to my phone ,all other features can be controlled by voice command whether I am at home or away.",Other,This requirement is classified as Other because it enables voice control of smart home features both at home and remotely. This provides convenient management of connected devices.,,,,,
982,"reminders of what I have to do that day every morning when I get up ,I dont forget something important",Other,This requirement is classified as Other because it reminds the user of daily tasks each morning. This helps the user stay organized and avoid forgetting important activities.,,,,,
1862,"windows that change tint when the lighting in the house becomes too bright,My eyes are not blinded when it's really bright out",Health,This requirement is classified as Health because it automatically adjusts the window tint to reduce excessive brightness and improve visual comfort. The primary objective is supporting the user's well-being by helping protect their eyes from harsh light.,,,,,
897,"motion sensors ,i can track movement",Other,This requirement is classified as Other because it uses motion sensors to track movement. This provides general monitoring functionality within the home.,,,,,
69,"my smart home to monitor my body and inform me daily or weekly when a potential health concern is noticed ,so that I can be proactive and consider visiting a doctor or dentist to have the issue reviewd.",Health,This requirement is classified as Health because it monitors the user's body for potential health concerns and provides regular notifications. This helps the user take proactive action regarding their well-being.,,,,,
2189,"to be alerted every time someone tries to use my computer ,I know if someone is invading my privacy",Other,This requirement is classified as Other because it alerts the user whenever someone attempts to use their computer. This provides monitoring of device activity.,,,,,
2049,"my fridge to tell me when I am running low on food ,I can restock",Other,This requirement is classified as Other because it notifies the user when food supplies are running low. This helps the user restock groceries conveniently.,,,,,
2261,"my home to track my medication usage ,it can remind me when to take medication",Health,This requirement is classified as Health because it tracks medication usage and reminds the user when medication should be taken. This supports proper medication management.,,,,,
3256,"a walking machine that will walk my dog ,my dog can stay healthy.",Health,This requirement is classified as Health because it automatically walks the user's dog. This helps maintain the pet's physical health through regular exercise.,,,,,
3248,"my smart home to sense when I have come home from a stressful day at work and automatically draw me a tub to the perfect temperature and add bath salts and light electric candles and dim the bathroom lights. ,I can relax and get rid of all my stress by soaking in the tub.",Health,This requirement is classified as Health because it prepares a relaxing bath after detecting the user has had a stressful day. This promotes relaxation and emotional well-being.,,,,,
264,"my home floors to be auto cleaner when anything spills. ,i can manage cleanniness and good health",Health,This requirement is classified as Health because it automatically cleans spills on the floor. This helps maintain a cleaner and healthier home environment.,,,,,
464,"a smart outdoor water system that automatically switches between cisterns/rain barrels, gray water system and utility supply depending on what is available ,I can easily use less town/city supplied water.",Other,This requirement is classified as Other because it automatically switches between available water sources. This provides convenient management of household water resources.,,,,,
672,"an oven that comes on at a certain time ,I can place my food in the oven and it'll be ready when I get home",Other,This requirement is classified as Other because it schedules the oven to turn on at a specified time. This makes meal preparation more convenient.,,,,,
544,"my smart home to open the blinds in the morning ,the morning sunlight can come in",Other,This requirement is classified as Other because it automatically opens the blinds in the morning. This automates a routine household task for user convenience.,,,,,
68,"my bed to come with smart features that allow me to control comfort ,I get the best night's sleep I can have",Health,This requirement is classified as Health because it allows the user to control bed comfort for better sleep. This supports improved rest and overall well-being.,,,,,
3069,"floors that resist germs ,I don't spread germs",Health,This requirement is classified as Health because the floors resist germs to reduce their spread. This helps maintain a healthier home environment.,,,,,
152,"Home automatically heats precooked meal based on approximate of arrival (based on GPS location) ,no need to manually cook / heat meal ",Other,This requirement is classified as Other because it automatically heats a precooked meal based on the user's estimated arrival time. This provides convenience by preparing food without manual intervention.,,,,,
2882,"sensors that will detect termites ,I'll know when to call the exterminator before the insects can do damage",Other,This requirement is classified as Other because it detects termites before they cause significant damage. This helps the user manage home maintenance promptly.,,,,,
2096,"odor detection in the fridge ,I can dispose of rotten food",Health,This requirement is classified as Health because it detects odors in the refrigerator that indicate spoiled food. This helps the user remove food that may no longer be safe to consume.,,,,,
1874,"automatic butt wiper ,i don't have to wipe my ass",Health,This requirement is classified as Health because it automates personal hygiene after using the toilet. This supports cleanliness and personal well-being.,,,,,
200,"my smart home to automatically open windows with the help of remote control ,smoke can be emit quickly",Other,This requirement is classified as Other because it allows windows to be opened remotely. This provides convenient control of home ventilation.,,,,,
3092,"my smart home to turn off the heat if anything is blocking the heater, , I can know where it is and solve the problem before it spreads.",Health,This requirement is classified as Health because it turns off the heater when an obstruction is detected to prevent overheating. This helps avoid conditions that could negatively affect occupants.,,,,,
2451,"an automatic bath which fills to my desired temperature and depth ,I can stink less",Health,This requirement is classified as Health because it automatically prepares a bath at the user's preferred temperature and depth. This supports personal hygiene and comfort.,,,,,
3061,"voice activated shower ,i can set the shower to a precise temperature and flow",Other,This requirement is classified as Other because it allows the user to control the shower using voice commands. This provides convenient hands-free operation.,,,,,
2315,"To know when my pets have to go to the bathroom, I can take them out before they poop in the house.",Health,This requirement is classified as Health because it monitors when pets need to go to the bathroom. This helps maintain the pets' well-being and prevents discomfort.,,,,,
436,"A home that is also like an assistant, I can keep up to date with my responsibilities.",Other,This requirement is classified as Other because it acts as a home assistant that helps the user stay informed about responsibilities. This provides general organizational support and convenience.,,,,,
221,"My smarthome clock to alert my child to eat food at regular and correct time, my child can look after his health properly.",Health,This requirement is classified as Health because it reminds the user's child to eat at regular times. This supports healthy eating habits and overall well-being.,,,,,
2150,"Automatic food dispensers, I could feed my pets remotely.",Other,This requirement is classified as Other because it allows pets to be fed remotely through automatic food dispensers. This provides convenient pet care when the user is away.,,,,,
3194,"Web cam system, perhaps tracking system, I can tell what my pets are up to when I'm at work.",Other,This requirement is classified as Other because it uses a webcam or tracking system to monitor pets while the user is at work. This provides convenient remote observation of pets.,,,,,
1590,"Artificial, self cleaning pet area, during long work days, the puppy has a place that can be used like outside and then it is robotically cleaned.",Health,This requirement is classified as Health because it provides a self-cleaning pet area that maintains cleanliness for the pet during long workdays. This supports a cleaner and healthier environment for the pet.,,,,,
1284,"My refrigerator to take inventory of my groceries, when I'm out shopping I know what I need to get.",Other,This requirement is classified as Other because it keeps an inventory of groceries in the refrigerator. This helps the user shop more conveniently.,,,,,
849,"An alert when my dog is standing by back door, I know that I need to let them out.",Other,This requirement is classified as Other because it alerts the user when the dog is waiting by the back door. This provides convenient monitoring of the pet's needs.,,,,,
479,"Water should be automatically supplied to plants, save time.",Other,This requirement is classified as Other because it automatically supplies water to plants. This automates routine plant care and saves the user time.,,,,,
2880,"To have my children surveilled when they go to the bathroom, I know that they wipe properly and wash their hands properly.",Health,This requirement is classified as Health because it monitors children in the bathroom to ensure proper hygiene practices. This supports their health and personal cleanliness.,,,,,
532,"Vacuum to come on automatically when I spill something, I don't have to turn it on.",Health,This requirement is classified as Health because it automatically starts the vacuum when something is spilled. This helps maintain a cleaner and healthier home environment.,,,,,
1317,"Blood pressure monitor, have reading throughout the day without having to do it myself.",Health,This requirement is classified as Health because it continuously monitors blood pressure throughout the day. This supports ongoing health monitoring.,,,,,
2205,"To be alerted every time it's being used, I can plan.",Other,This requirement is classified as Other because it alerts the user whenever the device is being used. This provides general usage awareness for planning purposes.,,,,,
2946,"My smart home to have a projector that comes from behind the wall, onto a screen that comes down to assist my child with school work and interact with his questions, my child can do better in school and get his needs met through interaction and assistance.",Other,This requirement is classified as Other because it projects interactive educational content to assist a child with schoolwork. This provides convenient learning support at home.,,,,,
2686,Doors to unlock automatically if I am specifically detected. I don't need to deal with keys.,Other,This requirement is classified as Other because it automatically unlocks doors when the authorized user is detected. This provides convenient access without requiring keys.,,,,,
776,"A smart home to send me a text via my smart phone when it is time to change ac and heater's filters, I can change them on a timely manner.",Other,This requirement is classified as Other because it reminds the user when air conditioning and heater filters need changing. This helps the user perform routine home maintenance on time.,,,,,
197,"My smart home to tell me the bacteria percentage in my home, I know when to disinfect.",Health,This requirement is classified as Health because it measures the level of bacteria in the home. This helps the user maintain a healthier living environment.,,,,,
1510,"My system to make sure the overhead tank is not empty, we are not bothered about the water level.",Other,This requirement is classified as Other because it monitors the overhead water tank to ensure it does not become empty. This provides convenient water management.,,,,,
1201,"Carpet that absorbs and self-cleans spills and crumbs after a set time, and tile/hardwood floors (kitchen, bath, basement, etc) that self-clean at night (a variable static charge to move loose particles to a garbage recepticle, & targeted stain removal). I don't have to vacuum, steam the rug, sweep, or mop.",Other,This requirement is classified as Other because it automatically cleans carpets and hard floors after spills and on a schedule. This reduces household cleaning effort.,,,,,
1908,"A floor that counts how many steps I take a day, I can track my fitness around the house without any attachments.",Health,This requirement is classified as Health because it counts the user's daily steps. This helps the user monitor physical activity and fitness.,,,,,
131,"Smart window cleaners, I don't have to do that chore.",Other,This requirement is classified as Other because it automatically cleans windows. This reduces the need for manual household chores.,,,,,
1103,"My fridge to alert me when I am low on milk and cereal, my kids will have food.",Health,This requirement is classified as Health because it alerts the user when essential food items such as milk and cereal are running low. This helps ensure food is available for the family.,,,,,
2715,"A sensor in the fridge, it will detect any rotting food or food with bacterium in it so I know to avoid eating it.",Health,This requirement is classified as Health because it detects spoiled food or bacterial contamination in the refrigerator. This helps prevent the consumption of unsafe food.,,,,,
2840,"an automatic food and water dispenser,my pets can be fed periodically throughout the day ",Health,This requirement is classified as Health because it ensures pets receive food and water at regular intervals throughout the day. The primary objective is supporting the pets' health and well-being through consistent feeding and hydration.,,,,,
1164,"My smart home to water my indoor plants when they become dry, my plants do not die, and I save a little bit of time.",Other,This requirement is classified as Other because it automatically waters indoor plants when they become dry. This automates routine plant care and saves time.,,,,,
1684,"An alarm system to alert everyone whenever it's time to eat, not inform everyone.",Other,This requirement is classified as Other because it alerts everyone when it is time to eat. This provides convenient household coordination.,,,,,
1489,"An oven that will learn when I am home from work and turn itself on to warm my dinner, I will not have to worry about it after a long day.",Other,This requirement is classified as Other because it learns when the user arrives home and automatically warms dinner. This provides convenience by automating meal preparation.,,,,,
3147,"A miracle shampoo and conditioner, my daughter no longer gets her hair tangled.",Other,This requirement is classified as Other because it improves hair care by preventing tangles. This describes a general convenience feature for personal care.,,,,,
3172,"A smart bed, it adjusts tension to optimize comfort and posture.",Health,This requirement is classified as Health because the smart bed adjusts its support to optimize comfort and posture. This promotes better physical well-being during rest.,,,,,
2804,"My smart home to be able to dispense food for my pets when I am away, I can be at work or on vacation without worrying about my pets.",Health,This requirement is classified as Health because it dispenses food to pets while the user is away. This helps ensure pets receive regular nourishment and remain healthy.,,,,,
2419,"a motivator to alert me when I did not go to the gym. ,I can go to the gym and continue my fitness goals.",Health,This requirement is classified as Health because it reminds the user when they miss going to the gym. This encourages regular exercise and supports fitness goals.,,,,,
2511,"a pet dish that will auto fill with water and food ,I don't forget to feed my cats",Health,This requirement is classified as Health because it automatically refills a pet's food and water dishes. This helps ensure pets receive proper nutrition and hydration.,,,,,
1012,"to be notified whenever my cat uses the cat litter ,I can clean it immediately and my cat can enjoy clean cat litter.",Other,This requirement is classified as Other because it notifies the user whenever the cat uses the litter box. This helps the user manage pet care tasks more conveniently.,,,,,
750,"my smart home to regularly track the weight of my animals with a scale hidden at the cat flap ,I may be alerted to significant changes in my animal's weight, which could suggest health issues.",Health,This requirement is classified as Health because it regularly tracks the pet's weight and alerts the user to significant changes. This supports early detection of potential health issues.,,,,,
923,"to be able to voice activate lights, television, radio in my home ,I don't have to get up when I am in pain",Health,This requirement is classified as Health because it allows the user to control home devices by voice when they are in pain. This supports the user's comfort and well-being.,,,,,
1740,"an automatic pet feeder ,I won't have to take note of the time my pet last ate.",Other,This requirement is classified as Other because it automatically feeds the pet without requiring the user to track feeding times. This provides convenient pet care automation.,,,,,
1094,"the doggie door to open at certain times of the day, ,the dogs are able to go outside and get fresh air and go to the bathroom.",Health,This requirement is classified as Health because it opens the dog door at scheduled times so pets can go outside. This supports the pets' daily well-being and routine.,,,,,
1523,"My medicine pill holder to notify me about the pill that are going to expire ,So that I can replace the old one and purchase new one.",Health,This requirement is classified as Health because it notifies the user when medication is approaching its expiration date. This helps ensure medications remain safe and effective to use.,,,,,
1526,"my water sprinklers to automatically water the plants at home, ,the moisture in the plants is well maintained all the time.",Other,This requirement is classified as Other because it automatically waters plants to maintain proper moisture levels. This automates routine plant care.,,,,,
456,"my home to be able to alert me to where my keys and wallet are at any time ,I don't have to look in multiple rooms for these items when I need to leave",Other,This requirement is classified as Other because it helps the user locate misplaced keys and a wallet. This improves convenience by reducing time spent searching for items.,,,,,
2574,"my home to remind me when its time to walk the dog ,I never forget",Health,This requirement is classified as Health because it reminds the user to walk the dog. This supports the pet's regular exercise and well-being.,,,,,
1710,"my pets to be watched over screen and to know the necessary foods available for them ,I can keep them healthy",Health,This requirement is classified as Health because it monitors pets and tracks whether they have the necessary food. This helps maintain the pets' health and well-being.,,,,,
2876,"sensors that will detect stress on the foundation ,I'll know when drainage/moisture around the foundation needs to be adjusted (big problem in Texas)",Other,This requirement is classified as Other because it detects stress on the home's foundation. This helps the user identify maintenance issues before damage worsens.,,,,,
3010,"a monitor that tunes into my classes at school  ,it can allow me to participate in class from home",Other,This requirement is classified as Other because it allows the user to participate in school classes from home. This provides convenient remote access to learning.,,,,,
2764,"my blinds to close once it gets dark out and open when the sun comes up ,I can save myself from having to do it myself.",Other,This requirement is classified as Other because it automatically opens and closes blinds based on the time of day. This automates a routine household task.,,,,,
913,"my smart home to automatically refill the pet's water and food bowl through an automated system ,I know my pet will be taken care of in the event that no one is home or someone has forgotten to feed them..",Health,This requirement is classified as Health because it automatically refills a pet's food and water bowls. This helps ensure pets continue receiving proper care even when no one is home.,,,,,
263,"my smart home to have voice command feature to operate activities from bathrooms  ,even if i am alone in home and in bathroom i can manage the activities",Other,This requirement is classified as Other because it enables voice control of bathroom activities. This provides convenient hands-free operation of home features.,,,,,
3197,"floors to be heated when it's cold ,my toes don't get cold",Health,This requirement is classified as Health because it heats the floors when it is cold. This improves the user's physical comfort.,,,,,
631,"when I should go to sleep ,I cannot waste time and be healthy",Health,This requirement is classified as Health because it reminds the user when it is time to sleep. This supports healthy sleep habits and overall well-being.,,,,,
828,"my pool pump to automatically turn on for a set amount of time that I set ,my pool stays clean and I don't waste energy by having the pump on for to long.",Other,This requirement is classified as Other because it automatically operates the pool pump according to a user-defined schedule. This automates pool maintenance.,,,,,
836,"my walls to take the design, color, or pattern of my choosing at any time, selected from my smartphone. ,I can easily customize my home.",Other,"This requirement is classified as Other because it allows the user to change wall designs, colors, or patterns from a smartphone. This provides convenient home customization.",,,,,
1340,"my bathroom mirror, sink, and shower to autoclean each day ,I don't have to do it and this will allow me more time for other things.",Health,"This requirement is classified as Health because it automatically cleans the bathroom mirror, sink, and shower each day. This helps maintain a cleaner and more hygienic environment.",,,,,
2660,"my home to automatically recognize my nephews and nieces through facial recognition software and give them access to the house when they visit. ,I do not have to give them a key.",Other,This requirement is classified as Other because it uses facial recognition to grant authorized family members access to the home. This provides convenient access management.,,,,,
1304,"whole house morning alarm  ,I can get the house moving at the same time in the morning ",Other,This requirement is classified as Other because it provides a whole-house morning alarm to wake everyone at the same time. This supports coordinated daily routines.,,,,,
2712,"appliances that have a feature like new cars that let you know when your tire pressure is low ,my appliances can let me know when a part starts going out",Other,This requirement is classified as Other because it alerts the user when appliance components begin to fail. This helps the user perform timely maintenance.,,,,,
658,"Alarm Clock ,I can choose from a variety of different sounds that would play in the mornings at a specific time; this alarm clock would also contain specific features that would force me to wake up",Other,This requirement is classified as Other because it provides a customizable alarm clock with features designed to ensure the user wakes up. This supports convenient daily scheduling.,,,,,
2735,"my fridge to tell me whenever food is about to be spoiled with cameras that detect expiration date.  ,I can keep a safe and clean refrigerator at all times. ",Health,This requirement is classified as Health because it detects when food is about to spoil and notifies the user. This helps maintain food quality and supports safe consumption.,,,,,
3071,"a servant or tub that cleans/bathes/grooms my pet ,I can keep my pet's hygiene well",Health,This requirement is classified as Health because it automatically cleans and grooms the user's pet. This supports the pet's hygiene and overall well-being.,,,,,
760,"my smart home to notify me when food and water levels in my pets dishes are low. ,I can track how much my pets are eating and always make sure I don't leave them without food.",Health,This requirement is classified as Health because it monitors food and water levels in the pets' dishes. This helps ensure pets always have adequate food and water.,,,,,
367,"sprinklers to automatically activate and water the lawn at the appropriate times ,I can maintain a healthy looking garden",Other,This requirement is classified as Other because it automatically waters the lawn at appropriate times. This automates garden maintenance and keeps the lawn in good condition.,,,,,
1403,"A door that unlocks and opens with the command of a smart phone, I can let the dog out to use the bathroom even when I'm not home.",Other,This requirement is classified as Other because it allows the user to unlock and open the door using a smartphone. This provides convenient remote control of home access.,,,,,
1794,"An app which shows video of who rang my doorbell when i wasn't at home, i can see who stopped by when i wasn't home.",Other,This requirement is classified as Other because it allows the user to view video of visitors who rang the doorbell while they were away. This provides convenient access to visitor information.,,,,,
819,"A self cleaning litterbox, i don't have to clean it every day.",Other,This requirement is classified as Other because it automatically cleans the litter box. This reduces the user's pet care chores.,,,,,
1065,"Restock-able Toilet Paper, I wont have to take the toilet paper off of the roll and replace after its done.",Other,This requirement is classified as Other because it automatically restocks toilet paper when needed. This automates a routine household task for convenience.,,,,,
1836,"Auto temperature system that was bonded with outside climate and it was suitable the body needs like hot in winter, cool in summer with high techinical system,It helps to gain health  , give comfortness .",Health,This requirement is classified as Health because it automatically adjusts the indoor temperature according to outdoor climate conditions to maintain a comfortable environment that supports the user's physical well-being. The primary objective is to provide climate conditions suited to the user's health and comfort needs.,,,,,
1155,"Lightly heated windows, they do not become frosty and hard to see through in the winter.",Other,This requirement is classified as Other because lightly heated windows prevent frost from forming. This improves convenience by maintaining clear visibility.,,,,,
2522,"An alarm on the garbage can that goes off when anything is removed by something on 4 legs, they don't eat out of the garbage.",Health,This requirement is classified as Health because it alerts the user when an animal is removing items from the garbage. This helps prevent pets from accessing potentially harmful waste.,,,,,
857,"A machine operated bed, I could move around while in bed.",Other,This requirement is classified as Other because it provides a motorized bed that allows the user to change position more easily. This offers convenient bed adjustment.,,,,,
267,My smart home to give alert if anything is on the floor apart from usual things like if my key is lost somewhere my smart house should give me an alert of direction where i should search it. it can save my time to search things.,Other,This requirement is classified as Other because it alerts the user when misplaced items are detected and indicates where to search. This helps locate lost belongings more efficiently.,,,,,
2197,"Windows that automatically open and close, I can adjust them when I am not home if it is raining, etc.",Other,This requirement is classified as Other because it automatically opens and closes windows based on conditions such as rain. This provides convenient remote home management.,,,,,
2420,"An alert when my cat shits in its litter box, I can remove the smelly cat turds before they stink up my house.",Health,This requirement is classified as Health because it alerts the user when the cat uses the litter box. This supports timely cleaning and a more hygienic environment.,,,,,
67,"To be notified by my smarthome when my plant's soil becomes too dry, so that I can prevent my plant from dying and therefore saving money by not having to keep purchasing new plants.",Health,This requirement is classified as Health because it notifies the user when a plant's soil becomes too dry. This helps maintain the plant's health by preventing dehydration.,,,,,
1823,"my vacuum cleaner to clean to floors at a particular time daily or as I Program ,my house will be clean ",Health,"This requirement is classified as Health because it automatically cleans the floors on a scheduled basis to maintain a clean and hygienic living environment. The primary objective is to support cleanliness and reduce exposure to dust and dirt, contributing to a healthier home.",,,,,
502,"Temperature monitoring in kid's room, they can feel comfortable at night.",Health,This requirement is classified as Health because it monitors the temperature in a child's room. This helps maintain a comfortable environment for the child's well-being.,,,,,
578,"Smart plates for food that can determine what type of food I've placed on it, and aggregate nutritional information to be displayed on a smart table while I'm eating, I can prepare healthy meals and keep track of my nutritional intake.",Health,This requirement is classified as Health because it identifies food and displays nutritional information. This helps the user monitor nutrition and prepare healthier meals.,,,,,
700,"To be alerted if the fridge and freezer temperatures go outside of a certain range, I can ensure my food isn't going bad due to high temperatures or being frozen due to low ones.",Health,This requirement is classified as Health because it alerts the user when refrigerator or freezer temperatures move outside the desired range. This helps keep food safe from spoilage.,,,,,
775,"My entire house to detect subtle hints of psychological abnormalities, whether depression or unknown genetic defects, that get express through small but still perceptible physical irregular movements, my primary care physician is alerted very early.",Health,This requirement is classified as Health because it monitors the user for signs of psychological abnormalities and alerts a physician when needed. This supports early identification of potential health concerns.,,,,,
3222,"Dishwasher cabinet, I can clean and store my most frequently used dishes in the same space.",Health,This requirement is classified as Health because it combines dish cleaning and storage in one system. This helps maintain clean dishes for everyday use.,,,,,
472,"A buzzer to go off when my dogs bowl is empty, i know when to give him more food and water.",Health,This requirement is classified as Health because it alerts the user when the dog's food and water bowl is empty. This helps ensure the pet continues to receive proper nourishment and hydration.,,,,,
2354,"Eye detection locks, if I forget my keys, I won't get locked out of the house.",Other,This requirement is classified as Other because it unlocks the door using eye recognition instead of keys. This provides convenient access to the home.,,,,,
1603,A device which automatically monitors and sweeps the floor. so that my floor remains clean.,Health,This requirement is classified as Health because it automatically monitors and sweeps the floor. This helps maintain a cleaner and healthier living environment.,,,,,
1400,"A cooling blanket, warm summer nights are relieved by wrapping yourself in a blanket to cool down.",Health,This requirement is classified as Health because it provides a cooling blanket that improves comfort during hot weather. This supports the user's physical well-being while resting.,,,,,
3263,"Have an automatic humid controller, I can live under the right humid.",Health,This requirement is classified as Health because it automatically controls humidity levels in the home. This helps maintain a healthier indoor environment.,,,,,
257,"Smart snowlance to clean snow on my home roof automatically, can be save time.",Other,This requirement is classified as Other because it automatically removes snow from the roof. This reduces the effort required for home maintenance.,,,,,
2359,"My refrigerator to know how long my food has been inside, the food doesn't go to waste.",Health,This requirement is classified as Health because it tracks how long food has been stored in the refrigerator. This helps prevent food from spoiling before it is consumed.,,,,,
2929,"My smart home to advise me when my body switches from an anabolic state to a catabolic state, I can take any dietary or other health steps to try to stay in an anabolic state as frequently as possible.",Health,This requirement is classified as Health because it monitors changes in the user's metabolic state and provides relevant notifications. This helps the user make informed decisions about their health.,,,,,
1293,"Room temperatures to be dynamic and adjust according to personal options, everyone is comfortable in every room at any given moment.",Other,This requirement is classified as Other because it adjusts room temperatures according to individual preferences. This provides personalized comfort through home automation.,,,,,
2742,"My smart home to start my car for me on cold mornings, the heat is ready to go when I get in the car to drive.",Other,This requirement is classified as Other because it automatically starts the user's car on cold mornings. This provides convenience by preparing the vehicle before use.,,,,,
86,"Air purity controller, it detects pollution and sensors get active.",Health,This requirement is classified as Health because it detects air pollution and activates sensors to improve air quality. This supports a healthier indoor environment.,,,,,
3045,"Self-scrubbing toilets, a dirty task took care of itself.",Other,This requirement is classified as Other because it automatically scrubs the toilet without user intervention. This reduces routine household cleaning effort.,,,,,
2585,"a bathtub that fills to a predetermined water level ,I don't use an excess of water",Other,This requirement is classified as Other because it automatically fills the bathtub to a preset water level. This provides convenient automation of a routine household task.,,,,,
1520,"understand the calories of food taken by my kids ,it helps me understand their requirement and as well check with their health.",Health,This requirement is classified as Health because it tracks the calories consumed by the user's children. This helps monitor their nutritional needs and overall health.,,,,,
482,"my treadmill to alert me when I haven't used it in too long ,I know i need to exercise.",Health,This requirement is classified as Health because it reminds the user to use the treadmill after a period of inactivity. This encourages regular physical exercise.,,,,,
254,"smart device to clean your windows automatically ,can be save time",Other,This requirement is classified as Other because it automatically cleans windows. This reduces the time and effort required for household maintenance.,,,,,
2512,"moisture detecting sensors in the ground ,the sprinklers can automatically water as necessary",Other,This requirement is classified as Other because moisture sensors automatically activate sprinklers when watering is needed. This automates plant care and irrigation.,,,,,
1851,"Fix auto alarm for feed food , and take out , everything need in system.,Get i. Order , different pet maintainence .",Other,This requirement is classified as Other because it automates pet care tasks such as feeding and reminders to support routine pet management. The primary objective is improving convenience by organizing and coordinating everyday household activities.,,,,,
563,"a smart home that have controls that allow me to trigger appliances in the kitchen from my bedroom ,when I wake up, I can start the coffee or boiling kettle when I turn off my alarm clock",Other,This requirement is classified as Other because it allows the user to control kitchen appliances remotely from the bedroom. This provides convenient home automation.,,,,,
2103,"walls that can be set to reduce noise levels ,you can be undisturbed by others noises.",Other,This requirement is classified as Other because it allows the user to adjust wall noise reduction settings. This provides a more comfortable and customizable home environment.,,,,,
674,"to receive a text if the fridge is opened ,I can monitor what my kids are eating.",Health,This requirement is classified as Health because it notifies the user when the refrigerator is opened so they can monitor their children's eating habits. This supports oversight of their dietary behavior.,,,,,
1950,"my smart home to notify me if there is too much dust in the air ,dusting and vacuuming don't get put off due to busy lives",Health,This requirement is classified as Health because it alerts the user when excessive dust is present in the air. This helps maintain a cleaner and healthier indoor environment.,,,,,
3049,"automatic dishwasher ,I don't have to clean dishes",Other,This requirement is classified as Other because it automatically washes dishes. This reduces the user's household workload.,,,,,
3154,"network outlets ,I wouldn't have to run them myself",Other,This requirement is classified as Other because it provides built-in network outlets throughout the home. This improves convenience by reducing installation effort.,,,,,
1837,"scale and other sensors builtin to the shower floor with displayable metrics,everyday I can monitor my weight and pulse in a way that makes efficient use of my time",Health,This requirement is classified as Health because it monitors health metrics such as weight and pulse during the user's daily routine. The primary objective is supporting health monitoring by making it easier to track physical well-being consistently.,,,,,
2085,"my home to alert me when my pet leaves something behind on the floor ,I am alerted to when I need to clean up to prevent odors.",Other,This requirement is classified as Other because it alerts the user when a pet leaves a mess on the floor. This helps the user clean it promptly.,,,,,
1440,"a self cleaning bathroom and kitchen ,I can spend more time working instead of cleaning",Other,This requirement is classified as Other because it automatically cleans the bathroom and kitchen. This reduces routine household cleaning tasks.,,,,,
1015,"to be notified when the level of cat litter has run low ,I can add more cat litter to ensure that my cat has enough to do his business.",Other,This requirement is classified as Other because it notifies the user when cat litter is running low. This helps ensure the litter box remains usable.,,,,,
1500,"a washer/dryer combo that will be controlled by my phone or mobile device to do my laundry at set times ,I won't have to worry about it.",Other,This requirement is classified as Other because it allows the washer and dryer to be controlled remotely on a schedule. This provides convenient laundry automation.,,,,,
1611,"to have standard automatic floor cleaning ,housework can be kept up with minimal effort",Health,This requirement is classified as Health because it automatically cleans the floors on a regular basis. This helps maintain a cleaner and healthier home environment.,,,,,
573,"a refrigerator that tells me when my food is about to expire, and makes lists for the items I need ,I'll know what I need to buy while I'm at the store by reviewing the data on my smartphone.",Health,This requirement is classified as Health because it alerts the user when food is about to expire and creates shopping lists. This helps maintain access to fresh food and reduce spoilage.,,,,,
2121,"my home to shake the beds of my two older kids to wake them up in the morning, ,they will actually get up and not be late for school.",Other,This requirement is classified as Other because it automatically wakes the user's children by shaking their beds. This automates a daily household routine.,,,,,
1655,"childrends bedroom that automatically plays and doesn't play soothing music depending on if child is or isn't asleep, ,my child will fall asleep easier.",Health,This requirement is classified as Health because it plays soothing music based on whether the child is asleep. This supports healthier and more comfortable sleep.,,,,,
1860,"In separate room that mention gym must built an auto computer trainee to do workouts and other physical works.,Command to body, no need to go gym outside.",Health,This requirement is classified as Health because it provides an automated fitness training system that guides the user through workouts at home. The primary objective is promoting physical fitness and supporting a healthy lifestyle through exercise assistance.,,,,,
2004,"my smart home to sense my approach and start cooking my dinner ,it will be ready shortly after I arrive home",Other,This requirement is classified as Other because it detects the user's arrival and begins cooking dinner automatically. This provides convenient meal preparation.,,,,,
774,"my pet feeder to let me know when the container is empty ,I can refill.",Health,This requirement is classified as Health because it notifies the user when the pet feeder is empty. This helps ensure the pet continues to receive regular meals.,,,,,
1681,"my Smart Home to have many accents to talk to me in ,I may benefit from the presence of a Britt, Kiwi, or something just seductive",Other,This requirement is classified as Other because it allows the smart home to communicate using different accents. This provides a personalized user experience.,,,,,
2452,"my smart home to alert me to any pest intrusion ,I can have them removed or abated.",Health,This requirement is classified as Health because it alerts the user to pest intrusions. This helps maintain a healthier living environment by enabling timely pest removal.,,,,,
2961,"to be alerted of new postal delivery ,I know when to go to the mailbox.",Other,This requirement is classified as Other because it alerts the user when new mail has been delivered. This provides convenient notification of postal deliveries.,,,,,
2440,"my smart house to alert me about the septic tank ,costly repairs can be avoided.",Health,This requirement is classified as Health because it alerts the user about issues with the septic tank. This helps maintain a cleaner and more hygienic home environment.,,,,,
3166,"automated sharp furniture sensors, ,f my child nears such places, alarm goes off.",Health,This requirement is classified as Health because it detects when a child approaches sharp furniture and triggers an alarm. This helps protect the child's well-being from potential injury.,,,,,
2055,"my tea to brew and be ready for my wakeup ,it is ready",Other,This requirement is classified as Other because it automatically brews tea before the user wakes up. This provides convenience by preparing a beverage in advance.,,,,,
2970,"A sound recorder to turn on automatically when I am asleep ,I can hear if I snore or talk in my sleep.",Health,This requirement is classified as Health because it records sounds while the user is asleep. This helps the user monitor sleep-related behaviors such as snoring or talking.,,,,,
