req_id,requirement,label,reference_explanation
434,"a buzzer for when the door rings, i can tell when i have headphones on.",Entertainment,"This requirement is classified as Entertainment because it enables the user to notice the doorbell while wearing headphones, allowing uninterrupted enjoyment of audio content. It improves the user's media experience by ensuring important notifications are not missed during entertainment."
638,"My smart home to keep me entertained, so that I do not get bored.",Entertainment,This requirement is classified as Entertainment because its primary purpose is to keep the user entertained and prevent boredom. It directly supports an enjoyable user experience through entertainment features.
275,"my smarthome to automatically turn on the television whenever my favorite show is telecast., I don't miss my favorite shows.",Entertainment,This requirement is classified as Entertainment because it automatically turns on the television when the user's favorite show is broadcast. This helps the user enjoy preferred TV content without missing it.
19,"my smart home to play my team's goal home when they score, I can immerse myself in a full home sports experience.",Entertainment,This requirement is classified as Entertainment because it enhances the user's sports viewing experience by playing the team's goal horn during matches. It creates a more immersive and enjoyable home entertainment experience.
3021,"surround sound connected to wifi, I can stream music in any room..",Entertainment,This requirement is classified as Entertainment because it enables Wi-Fi-connected surround sound for streaming music throughout the home. It enhances audio playback and provides a seamless music listening experience.
1659,"house that records my favorite tv shows for me if I am not sitting on the couch,, I don't have to remember to schedule a recording..",Entertainment,This requirement is classified as Entertainment because it automatically records the user's favorite television shows for later viewing. It ensures entertainment content is available without requiring manual scheduling.
1577,"Smart tv, That can run with voice.",Entertainment,This requirement is classified as Entertainment because it allows the smart TV to be controlled using voice commands. This makes accessing and enjoying television content more convenient.
87,"my smart home to make recommendations when new movies come out that match my viewing habits, I will benefit from movie suggestions that I will probably enjoy..",Entertainment,This requirement is classified as Entertainment because it recommends new movies based on the user's viewing habits. It helps the user discover entertainment content they are likely to enjoy.
243,"Auto sensing music system, It can sense automatically my mood and play the song as per my mood.",Entertainment,This requirement is classified as Entertainment because it automatically selects music based on the user's mood. It personalizes the music listening experience to increase enjoyment.
599,"recommendations of new tv shows, i can know what is new.",Entertainment,This requirement is classified as Entertainment because it provides recommendations for new television shows. It helps the user discover new entertainment content to watch.
680,"my music player to work in conjunction with the lights, to set the mood for when I am entertaining.",Entertainment,This requirement is classified as Entertainment because it synchronizes music playback with lighting to create an enjoyable atmosphere. It enhances entertainment and social experiences through coordinated audio and lighting.
1642,"to remotely set up playlist of movies to watch on TV when we get home, we can just sit down and relax together with little effort.",Entertainment,This requirement is classified as Entertainment because it allows users to prepare a movie playlist remotely before arriving home. This makes it easier to enjoy television entertainment with minimal effort.
1645,"media devices in the house to be incorporated into a single ecosystem, I could be on top of news, events and entertainment all the time.",Entertainment,This requirement is classified as Entertainment because it integrates media devices into a single ecosystem for convenient access to news and entertainment. It improves the user's overall media consumption experience.
1665,"my TV/audio system to play my favorite news programs in various media, at desiginated times so I can stay informed & remember it in various ways..",Entertainment,This requirement is classified as Entertainment because it automatically plays the user's favorite news programs through different media at scheduled times. It provides convenient access to preferred media content.
3213,"a device that can greet me and hold conversations with me in any room in the house and in the yard, I can be entertained and have answers to questions..",Entertainment,This requirement is classified as Entertainment because it provides conversational interaction that entertains the user while also answering questions. It offers an engaging and interactive user experience throughout the home.
2957,"the lights to dim and the music to play softly, I can romance mysignificant other..",Entertainment,This requirement is classified as Entertainment because it coordinates lighting and music to create a desired atmosphere. It enhances the user's enjoyment during social and romantic occasions.
1207,"Adaptable sound insulation around my music room, but the room doesn't sound ""dead"" like you get with traditional sound insulation., so that I can play my instruments and sing at any time without waking family,.",Entertainment,This requirement is classified as Entertainment because it enables the user to play musical instruments and sing without disturbing others. It supports enjoyable music-related activities at any time.
777,"my house to archive where everything is located, so that it knows everything and tells me immediately when I want to know where I'd put my keys or a vacation polaroid I took in 1987 but last seen in 2005.",Entertainment,This requirement is classified as Entertainment because it allows the user to quickly locate stored personal items and memories through an interactive home system. It enhances the user's experience by making personal content easily accessible.
1672,"home that will auto cast music to different rooms when I go from one room to another, I can continue to enjoy my music while I move around my home.",Entertainment,This requirement is classified as Entertainment because it automatically continues music playback across different rooms as the user moves. It provides an uninterrupted music listening experience throughout the home.
677,"my television to turn on my favorite shows when I walk in the room, I can proceed with my morning routine.",Entertainment,This requirement is classified as Entertainment because it automatically turns on the user's favorite television shows upon entering the room. It makes accessing preferred entertainment content effortless.
13,"my smart home to sync with my biorhythm app and turn on some music that might suit my mood when I arrive home from work, I can be relaxed.",Entertainment,This requirement is classified as Entertainment because it plays music that matches the user's mood when arriving home. It creates a personalized and enjoyable listening experience that helps the user relax.
3255,"a playroom that my kids can play in that has a changeable play structure that can rebuild itself to suit my children's interest and ages, my kids can have fun and I do not have to continually buy new toys..",Entertainment,This requirement is classified as Entertainment because it provides a playroom with a reconfigurable play structure that adapts to children's interests and ages. It keeps children engaged through evolving recreational activities.
93,"a smart coffee machine, my coffee will be ready in the morning when i ask it to be without having to deal with making it myself.",Entertainment,This requirement is classified as Entertainment because the requirement focuses on the enjoyment and convenience of having coffee prepared automatically when requested. It enhances the user's daily experience through automated comfort.
1791,"a rotating closet rack, i just think it would be cool.",Entertainment,This requirement is classified as Entertainment because the primary motivation is the user's enjoyment of having a rotating closet rack. The stated benefit emphasizes novelty and personal amusement rather than a functional objective.
656,"something that would turn on music by the sound of my voice., I won't have to get up to turn it on..",Entertainment,This requirement is classified as Entertainment because it enables music playback through voice commands. It makes accessing and enjoying music more convenient without requiring physical interaction.
1567,"answering machine to play message when I walk into that  room, I don't miss anything important..",Entertainment,This requirement is classified as Entertainment because it automatically plays answering machine messages when the user enters the room. It provides convenient access to recorded audio content without requiring manual playback.
3089,"an interconnected entertainment network, house wide., I can roam the house and multitask, but any program, music, or movie I am watching comes on as I enter the room, and turns off as I leave..",Entertainment,"This requirement is classified as Entertainment because it creates a house-wide entertainment network that seamlessly transfers media playback between rooms. It allows the user to continue enjoying music, movies, or programs while moving throughout the home."
655,"my television to turn on and off with the sound of my voice, i don't need to use a remote control.",Entertainment,This requirement is classified as Entertainment because it allows the television to be controlled using voice commands. It makes accessing television entertainment more convenient by eliminating the need for a remote control.
261,"my smart home to ring bell in all over the home, so that all member can wake at time..",Entertainment,This requirement is classified as Entertainment because it provides a house-wide bell that rings throughout the home to wake household members. The requirement focuses on an audio playback function that delivers sound across the home.
1394,"device that plays music wirelessly from any device, Music and playlists can easily be listened to..",Entertainment,This requirement is classified as Entertainment because it enables wireless music playback from any device. It allows users to easily access and enjoy their music and playlists.
900,"a feature for dimmed lighting and soft music, I can relax and enjoy my downtime without much effort.",Entertainment,This requirement is classified as Entertainment because it combines dimmed lighting with soft music to create a relaxing atmosphere. It enhances the user's leisure and enjoyment during downtime.
1704,"a internet radio streaming live broadcasting world wide to play according to my voice, I can enjoy my favorite music and play.",Entertainment,This requirement is classified as Entertainment because it enables voice-controlled internet radio streaming from worldwide broadcasts. It allows the user to conveniently enjoy preferred music and radio content.
824,"a way to switch what i'm watching on one screen to move to another room, i can pick up where i left off on a movie/etc on another device.",Entertainment,This requirement is classified as Entertainment because it allows media playback to move seamlessly from one screen to another. It lets the user continue watching movies or other content without interruption.
2858,"My smart home to alert me when the children are not watching the proper television programs., I can supervise my children without needing to actually spend time with them..",Entertainment,This requirement is classified as Entertainment because it monitors the television programs being watched by children. It helps the user supervise entertainment content viewed within the home.
142,"integrated smart electronics, I only need one remote and devices are easy to operate.",Entertainment,This requirement is classified as Entertainment because it integrates entertainment devices so they can be controlled with a single remote. It simplifies operating media equipment and improves the user experience.
317,"have the lights dim for a romantic evening with my husband, I do not have to move and spoil the moment..",Entertainment,This requirement is classified as Entertainment because it automatically dims the lights to create a romantic atmosphere. It enhances an enjoyable and relaxing experience without requiring manual adjustments.
2723,"my smart home to alert me to the new releases on Netflix which I add to a watch list each month, I can catch the movies I've been waiting for.",Entertainment,This requirement is classified as Entertainment because it alerts the user about new Netflix releases on their watch list. It helps the user stay informed about entertainment content they want to watch.
3253,"a room that is interactive with kids where the walls are TV screens to immerse kids in whatever program I want them to view so that they can pretend they are deep in the Arctic or on a jungle adventure., my kids can have lots of fun..",Entertainment,This requirement is classified as Entertainment because it uses interactive television walls to create immersive experiences for children. It provides engaging and enjoyable visual entertainment through themed environments.
2149,"house with an attractive voice, I will have social contact with no social pressure.",Entertainment,This requirement is classified as Entertainment because it provides conversational interaction through an attractive home voice. It offers engaging social interaction that the user can enjoy without social pressure.
1100,"my smart home to react to my voice and play a movie that I request,, I can enjoy any movie that I want at the moment..",Entertainment,This requirement is classified as Entertainment because it plays requested movies in response to voice commands. It allows the user to easily access and enjoy their preferred movie content.
2022,"an art room, i can admire my collections.",Entertainment,This requirement is classified as Entertainment because it provides a dedicated space for viewing and appreciating personal art collections. It supports the user's enjoyment of visual and artistic content.
1797,"my home to record television shows I missed while I was away, I can watch them when I have free time..",Entertainment,This requirement is classified as Entertainment because it automatically records television shows missed while the user is away. It allows the user to watch their preferred programs at a more convenient time.
1193,"a TV that turns on at a specific time, to a specific channel, at a specific volume, I wake up watching exactly what I want..",Entertainment,This requirement is classified as Entertainment because it automatically turns on the television with predefined viewing settings. It ensures the user can immediately enjoy their preferred television content.
1679,"my Smart Home to have an excellent taste of music, may dance & be happy at home..",Entertainment,This requirement is classified as Entertainment because it selects enjoyable music that encourages the user to dance and have fun at home. It enhances the user's music listening experience through personalized playback.
2337,"to be able to bet, I can win when I bet on a fighter.",Entertainment,This requirement is classified as Entertainment because it enables betting as a recreational activity. It supports the user's enjoyment of participating in betting events.
1698,"my music device to notify me when my favorite artist release new music, i could keep up with their latest music and download it.",Entertainment,This requirement is classified as Entertainment because it notifies the user when a favorite artist releases new music. It helps the user stay updated with and enjoy newly available music.
2134,"voice recognized play list, I can speak my music desires and they will automatically play.",Entertainment,This requirement is classified as Entertainment because it allows users to start playlists using voice commands. It makes accessing and enjoying music more convenient through voice interaction.
633,"built in clocks in the tv's in each room, I will know what time it is when I am watching tv.",Entertainment,This requirement is classified as Entertainment because it displays clocks on televisions throughout the home while the user watches TV. It provides useful information without interrupting the television viewing experience.
758,"my smart home to have voice recognition features that allow me to voice active TVs and music., I can entertain my guests more easily..",Entertainment,This requirement is classified as Entertainment because it enables voice-controlled operation of televisions and music systems. It makes it easier for the user to provide an enjoyable entertainment experience for guests.
991,"I want my home to play soothing music while evening time, i can relax.",Entertainment,This requirement is classified as Entertainment because it automatically plays soothing music in the evening. It enhances the user's relaxation through an enjoyable music listening experience.
2923,"my smart home to remind my kids to do their homework, they do their homework before watching tv or going on the internet..",Entertainment,This requirement is classified as Entertainment because it reminds children to complete their homework before watching television or using the internet. It supports responsible management of children's entertainment activities.
1980,"my phone to signal when my team scores, I can be alerted to a change in score.",Entertainment,This requirement is classified as Entertainment because it notifies the user when their favorite team scores. It helps the user stay engaged with sporting events even when not actively watching.
1462,"a smart desktop and monitor, when i enter the room the computer automatically wakes and turns the monitor on and when i leave for an extended time automatically puts the computer into sleep mode and turns the monitors off.",Entertainment,This requirement is classified as Entertainment because it automatically prepares the desktop and monitor for use when the user enters the room. It provides convenient access to digital media and computer-based entertainment.
2872,"My smart home to read stories to my children at bedtime., It will save me time..",Entertainment,This requirement is classified as Entertainment because it reads bedtime stories to children. It provides an enjoyable storytelling experience while reducing the parent's effort.
1737,"a mirror that shows weather reports, daily to-do listings, reminders etc using Glass technology, I am aware of my daily programs, forecast etc..",Entertainment,"This requirement is classified as Entertainment because it displays weather, reminders, and daily information on a smart mirror. It provides engaging multimedia information in an interactive way as part of the user's daily routine."
1051,"laser lights and toy balls to appear at random intervals, my cats and dogs are entertained when I am away from home.",Entertainment,This requirement is classified as Entertainment because it provides laser lights and toy balls to entertain pets while the owner is away. It keeps pets engaged through interactive play.
1741,"to have changing ambiance ""scenes"", we will automatically have different themes for different events or parties..",Entertainment,This requirement is classified as Entertainment because it creates different ambiance scenes for events and parties. It enhances social gatherings through themed lighting and atmosphere.
3059,"voice activated mirrors with dispays, I can see my itinerary.",Entertainment,This requirement is classified as Entertainment because it uses a voice-activated mirror with displays to provide an interactive user experience. It allows the user to conveniently view their itinerary through voice interaction.
509,"my smart phone to make movie and tv show recommendations based on previous choices, we can discover more entertainment choices..",Entertainment,This requirement is classified as Entertainment because it recommends movies and television shows based on the user's previous preferences. It helps users discover entertainment content they are likely to enjoy.
1153,"plants that water themselves with a gadget when they detect water is needed, I can not worry about killing the plant by forgetting to water it..",Entertainment,This requirement is classified as Entertainment because it automates plant watering based on moisture detection. It provides a convenient automated feature that reduces the user's effort in caring for plants.
2126,"the tv to turn on when I get home, I can immediatly have it to make me feel entertained.",Entertainment,This requirement is classified as Entertainment because it automatically turns on the television when the user arrives home. It provides immediate access to television content for enjoyment.
2155,"my dvr, tv, and all networks (verizon, internet, and Netflix) to work seamlessly, I don't have to figure out what needs to be done to watch what I want.",Entertainment,"This requirement is classified as Entertainment because it seamlessly integrates the DVR, television, internet, and streaming services. It makes accessing desired entertainment content simple and convenient."
1748,"my tv to tell me when new movie releases in my geners are released, i can keep up with new movies.",Entertainment,This requirement is classified as Entertainment because it informs the user about new movie releases in their preferred genres. It helps the user stay updated with entertainment content of interest.
1806,"my home to play white noise while I sleep, I can rest better..",Entertainment,This requirement is classified as Entertainment because it plays white noise while the user sleeps. It provides continuous audio content that supports a more comfortable sleeping environment.
719,"music that automatically plays when in the shower, I always have good tunes to listen to while getting clean.",Entertainment,This requirement is classified as Entertainment because it automatically plays music while the user is in the shower. It enhances the user's daily routine with enjoyable audio playback.
2193,"to be able to find shows similar to what I am looking to watch, I can avoid looking through every channel on the TV guide.",Entertainment,This requirement is classified as Entertainment because it recommends television shows similar to what the user wants to watch. It helps the user discover relevant entertainment content more efficiently.
1666,"the windows in the kitchen have a transparent display for news and outside temperature, I could get an update on news and weather in the morning.",Entertainment,This requirement is classified as Entertainment because it displays news updates on transparent kitchen windows. It provides convenient access to media content as part of the user's morning routine.
3187,"voice activated media system, like echo, I could access media in every room.",Entertainment,This requirement is classified as Entertainment because it provides voice-activated access to media throughout the home. It allows users to conveniently enjoy entertainment content in any room.
1621,"my smart home to alert me when I get mail inside the mailbox, and how many pieces there are, I can see when I have mail.",Entertainment,This requirement is classified as Entertainment because it alerts the user when mail arrives and reports the number of items. It provides convenient information through the smart home system.
2532,"Television that prioritizes my favorite programs, I can enjoy television with friends and family.",Entertainment,This requirement is classified as Entertainment because it prioritizes the user's favorite television programs. It makes it easier to enjoy preferred TV content with friends and family.
3120,"a machine to alarm me at the time of serials, I can watch the serial on time.",Entertainment,This requirement is classified as Entertainment because it reminds the user when their favorite serial is about to begin. It helps ensure they do not miss their preferred television programs.
1807,"my smart music system to recognize my mood when I enter home and play a song to that, I can enjoy or I feel to be alone with the song.",Entertainment,This requirement is classified as Entertainment because it recognizes the user's mood and automatically plays suitable music. It personalizes the music listening experience to enhance enjoyment.
1183,"music everywhere in the house where guests are, guests can enjoy the music at a party.",Entertainment,This requirement is classified as Entertainment because it provides music throughout the house where guests are gathered. It creates an enjoyable atmosphere for parties and social events.
2547,"a siri like feature where my house can google things, I can have a talking house..",Entertainment,This requirement is classified as Entertainment because it enables the house to respond to spoken questions like a virtual assistant. It provides interactive conversations and convenient access to information.
149,"my smart home to play a lullaby at bed time, I don't have to sing my children to sleep.",Entertainment,This requirement is classified as Entertainment because it automatically plays a lullaby at bedtime. It provides audio content that helps children fall asleep without requiring the parent to sing.
2716,"my TV to automatically play my favorite show/news channel when I get home from work., I don't have to waste time pressing buttons with my remote..",Entertainment,This requirement is classified as Entertainment because it automatically plays the user's favorite television show or news channel upon arriving home. It makes accessing preferred media content more convenient.
2240,"an alarm on my door, I can tell if my annoying brother or sister tries to come in my room..",Entertainment,This requirement is classified as Entertainment because it notifies the user when someone enters their room. It provides awareness of room access through an interactive home feature.
444,"a home that's interactive for my kids, they will not be bored..",Entertainment,This requirement is classified as Entertainment because it creates an interactive home environment for children. Its primary purpose is to keep children engaged and entertained.
1842,"to see what channels are being watched through my phone, I know my kids are watching appropriate channels.",Entertainment,This requirement is classified as Entertainment because it allows the user to view which television channels are being watched through a smartphone. It helps monitor television viewing activity and content.
2788,"my shower to play music when I turn it on., my showers are more fun..",Entertainment,This requirement is classified as Entertainment because it automatically plays music when the shower is turned on. It enhances the shower experience with enjoyable audio playback.
2239,"Kitchen that can produce recipes based on the food I have bought from the store, I can try new foods.",Entertainment,This requirement is classified as Entertainment because it suggests recipes based on available ingredients. It encourages users to explore and enjoy trying new foods.
1941,"smart home that integrates with every tv in each room to coordinate viewing, I can streamline my viewing experience.",Entertainment,This requirement is classified as Entertainment because it coordinates television viewing across every TV in the home. It provides a seamless and streamlined media viewing experience.
2142,"wardrobe suggester, Appropriate wardrobe is chosen based on weather and ocassion.",Entertainment,This requirement is classified as Entertainment because it recommends clothing based on the weather and occasion. It provides a convenient personalized suggestion feature for daily use.
2832,"beer coming out of my sink, I can drink.",Entertainment,This requirement is classified as Entertainment because it provides beer directly from the sink to enhance the user's enjoyment. The primary benefit is recreational convenience.
218,"my smart home to automatically start radio in specific timings, I can't miss any favorite radio songs.",Entertainment,This requirement is classified as Entertainment because it automatically starts the radio at scheduled times. It helps the user enjoy favorite radio songs without missing them.
1864,"Arrange home theatres every room and the music follow with my body where ever in house , the music play only in the room where at the present , it moves with me ., Live music , kind of satisfaction in listening music ..",Entertainment,This requirement is classified as Entertainment because it enables music to follow the user from room to room throughout the house. It provides a continuous and immersive music listening experience.
2699,"my smart home to alert me when anything rated higher than TV PG is playing on the televisions in the house, I will know to supervise my kids' TV viewing or to block a show or channel.",Entertainment,This requirement is classified as Entertainment because it alerts the user when higher-rated television content is being played. It helps supervise the entertainment content viewed by children.
1194,"a coffee maker that I can start from my smartphone, I can get my coffee started without getting out of bed..",Entertainment,This requirement is classified as Entertainment because it allows the coffee maker to be started remotely using a smartphone. It provides convenient automation that improves the user's daily routine.
347,"my smart home to alert me when my cat enters or leaves the house, I have a better idea where the pet is (and don't spend hours searchign inside, when the cat is actually outside).",Entertainment,This requirement is classified as Entertainment because it alerts the user when their cat enters or leaves the house. It provides convenient information about the pet's location through the smart home system.
3116,"my smart home to recognize stress words that automatically cue appropriate music from the stereo, I can calm down.",Entertainment,This requirement is classified as Entertainment because it detects stress-related words and automatically plays suitable music. It uses personalized music playback to create a more enjoyable and calming experience.
1091,"my home to suggest movies out loud based on the time of year, I don't have to think about what movies to watch.",Entertainment,This requirement is classified as Entertainment because it recommends movies based on the time of year. It helps the user easily discover enjoyable movies to watch.
1045,"to be alerted whenever my favorite celebrities have a show or movie on tv, I do not miss an airing of my favorite actors and actresses.",Entertainment,This requirement is classified as Entertainment because it alerts the user when favorite celebrities appear in television shows or movies. It helps the user avoid missing preferred entertainment content.
1893,"a video game console that shuts off at bed time, I can get my kid to school on time.",Entertainment,This requirement is classified as Entertainment because it automatically turns off the video game console at bedtime. It manages gaming availability according to a scheduled time.
2293,"algorithm suggestions, in any room suggestions like because you choose this _____, you might also enjoy ______.",Entertainment,This requirement is classified as Entertainment because it provides personalized recommendations based on the user's previous selections. It helps users discover additional content they may enjoy.
2913,"entertainment selector, I won't spend a hour trying to figure what to do next.",Entertainment,This requirement is classified as Entertainment because it selects entertainment options for the user. It reduces the time spent deciding what entertainment activity to enjoy next.
2338,"to listen to punk rock, so I can listen to punk rock.",Entertainment,This requirement is classified as Entertainment because it enables the user to listen to punk rock music. It directly supports the user's enjoyment of preferred music.
163,"my smart home to play my favorite music at 7:45 AM, I can wake up listening to my favorite music.",Entertainment,This requirement is classified as Entertainment because it automatically plays the user's favorite music at a scheduled time each morning. It provides an enjoyable way to wake up.
2215,"To be able to remotely turn my consoles on a stream my games to any tv in my house, I can game anywhere.",Entertainment,This requirement is classified as Entertainment because it allows the user to remotely turn on gaming consoles and stream games to any television in the house. It provides flexible access to gaming throughout the home.
362,"a search engine voice activated with a display on a wall, i can quick search something in a conversation.",Entertainment,This requirement is classified as Entertainment because it provides a voice-activated search system with a wall display for quick information access. It offers an interactive experience that supports engaging conversations.
3276,"the house to notify me if I am alone, I avoid any enjoy time alone without any potentially awkward moments.",Entertainment,This requirement is classified as Entertainment because it notifies the user when they are alone so they can comfortably enjoy personal leisure time without interruptions or awkward situations. The primary benefit is enabling a more enjoyable and private entertainment experience.
1011,"nice instrumental music to get turned on in the bathroom whenever I enter it, I can enjoy music while in the bathroom taking a shower..",Entertainment,This requirement is classified as Entertainment because it automatically plays instrumental music when the user enters the bathroom. It enhances the shower experience through enjoyable music playback.
2342,"fantasy LARP enthusiast, live action roleplaying is considered fun.",Entertainment,This requirement is classified as Entertainment because it supports participation in live action roleplaying as a recreational activity. Its primary purpose is to enable enjoyment and fun.
2630,"to be able to have a robot with cameras on it roam my house at my control., I can see what's going on with my children when i'm not home..",Entertainment,This requirement is classified as Entertainment because it allows the user to remotely control a robot with cameras to interact with the home environment. It provides an engaging and interactive remote viewing experience.
445,"my home to notify me when my favorite TV show has been recorded on the DVR, I can decide if I want to watch it at that time.",Entertainment,This requirement is classified as Entertainment because it notifies the user when a favorite television show has finished recording. It helps the user conveniently access preferred television content.
2361,"my entertainment system to integrate with my Steam accounts, it can show me suggestions for what I might want to play in the future..",Entertainment,This requirement is classified as Entertainment because it integrates the entertainment system with the user's Steam account to recommend games. It helps the user discover new games they may enjoy.
2496,"something to list all new available movies within all of my available platforms in a single location, I know when something new is available.",Entertainment,This requirement is classified as Entertainment because it lists new movies available across all supported platforms in one place. It helps the user easily discover newly available entertainment content.
2796,"smart mirrors that display relevant information when I step in front, such as weather, news, sports scores, etc., my day can start off better..",Entertainment,"This requirement is classified as Entertainment because it displays news, sports scores, and other relevant information on a smart mirror. It provides engaging multimedia content to help start the user's day."
210,"to switch off TV, Radio and other Leisure gadgets after 10 pm, no energy is wasted and consume the overuse of electricity.",Entertainment,"This requirement is classified as Entertainment because it automatically switches off televisions, radios, and other leisure devices after a specified time. It manages the operation of entertainment devices according to a schedule."
138,"my smart home  to to turn on the tv when I get home, I can relax as soon as possible.",Entertainment,This requirement is classified as Entertainment because it automatically turns on the television when the user arrives home. It provides immediate access to television entertainment for relaxation.
550,"the lights in the house to be adjustable, so that if I have a party I can set mood lighting, disco balls, or lasers to emit from the lighting features that are already in place in my home at the touch of a button.",Entertainment,"This requirement is classified as Entertainment because it allows lighting effects such as mood lighting, disco balls, and lasers to be activated for parties. It enhances social events through customizable visual effects."
1396,"A weather station that reports the weather right from my own yard, I can keep track of fluctuations in conditions from anywhere..",Entertainment,This requirement is classified as Entertainment because it provides weather information from a personal weather station. It offers interactive information that the user can conveniently view from anywhere.
743,"an alert system, I can be reminded when my favorite shows are on..",Entertainment,This requirement is classified as Entertainment because it reminds the user when favorite television shows are about to begin. It helps ensure the user does not miss preferred entertainment content.
265,"my smart home to be full of sunlight and moonlight by transparent walls whenever i need it i can manage the opesity, i can enjoy the nature.",Entertainment,This requirement is classified as Entertainment because it allows the user to adjust transparent walls to experience sunlight or moonlight as desired. It enhances enjoyment of the home environment by creating a preferred atmosphere.
728,"an app that can sense my mood, I don't have to change songs, rather it plays songs according to my mood automatically.",Entertainment,This requirement is classified as Entertainment because it automatically selects music based on the user's mood. It personalizes music playback to provide a more enjoyable listening experience.
2604,"a refrigerator that plays music, I can easily listen to music while cooking and doing meal preparation.",Entertainment,This requirement is classified as Entertainment because it enables the refrigerator to play music during cooking and meal preparation. It makes everyday activities more enjoyable through music playback.
1843,"a system that will turn on televisions to the current channel when I enter a room, I won't miss anything when watching a game.",Entertainment,This requirement is classified as Entertainment because it automatically turns on televisions to the current channel when the user enters a room. It allows uninterrupted viewing of games and other television content.
1479,"a unit that will control the lights, sounds, temperature and entertainment devices in the house, I can easily control everything in the house.",Entertainment,This requirement is classified as Entertainment because it provides centralized control of entertainment devices along with other home systems. It makes managing entertainment equipment more convenient.
3131,"a coffee mug that has a screen and displays the morning news from sources I choose, I can drink my coffee and read the news in the morning.",Entertainment,This requirement is classified as Entertainment because it displays personalized morning news on a coffee mug screen. It provides convenient access to media content while enjoying coffee.
785,"my bathtub to automatically fill, and set itself to hot temperature and add a bubble bath solution at the push of a button., when i am being romantic with my wife, we can head to the tub, without the need for interruption..",Entertainment,This requirement is classified as Entertainment because it automatically prepares a bath to create a relaxing and enjoyable experience. It enhances leisure time by minimizing manual effort.
2058,"a television that automatically turns off after an hour, my child will stop watching television and do something else.",Entertainment,This requirement is classified as Entertainment because it automatically turns off the television after a set period. It manages television usage through automated control.
2616,"the house to increase the volume when I'm playing, I can enjoy the game more.",Entertainment,This requirement is classified as Entertainment because it increases the audio volume while the user is playing a game. It enhances the gaming experience through improved sound.
2300,"voice command video, when a special moment is about to occur I won't have to hunt up a camera or phone to capture the moment. Also this way everyone can be included instead of the camera operator being left out..",Entertainment,This requirement is classified as Entertainment because it enables voice-activated video recording to capture memorable moments. It makes recording and preserving enjoyable experiences more convenient.
2253,"My smart home to be prompted to ask me when I get home if I would like to listen to music, and allow me to select what I would like to listen to through a verbal menu., I can get music conveniently and easily, and save more time for relaxing after work..",Entertainment,This requirement is classified as Entertainment because it prompts the user to listen to music and allows selection through voice commands. It provides convenient access to personalized music for relaxation.
1774,"to control tv consumption from my phone, my kids cant watch all the time.",Entertainment,This requirement is classified as Entertainment because it allows television usage to be controlled remotely from a phone. It helps manage access to television entertainment for children.
1438,"to be able to know the scores of each game, I can be up to date with what's happening.",Entertainment,This requirement is classified as Entertainment because it provides up-to-date scores for games. It helps the user stay informed about sporting events they are interested in.
851,"A big tv in the attic that can move into whatever room I'm in, I could watch tv at any room.",Entertainment,This requirement is classified as Entertainment because it allows a television to move to whichever room the user is in. It enables the user to enjoy television content from anywhere in the home.
1686,"an alarm that will sound my room really loud, I can wake up on time regardless of how I feel.",Entertainment,This requirement is classified as Entertainment because it provides a loud alarm that helps the user wake up on time. It uses an audio playback feature to support the user's daily routine.
1311,"my TV to provide me with a list of options based on my preset and prioritized preference and automatically beep and change to the best show for me at that time, I don't miss any of my favorite shows and I don't have to spend time manually scrolling through a list of somewhat static options everyday..",Entertainment,This requirement is classified as Entertainment because it recommends and automatically switches to television programs based on the user's preferences. It helps the user easily watch favorite shows without manually searching.
2620,"my house to turn speakers on depending on which room I'm in, I can hear my music wherever I go.",Entertainment,This requirement is classified as Entertainment because it automatically activates speakers in the room where the user is located. It provides uninterrupted music playback throughout the home.
933,"to lower and raise the volume on my TV verbally from any room in the house, I can save time and physical energy.",Entertainment,This requirement is classified as Entertainment because it allows the television volume to be controlled through voice commands from anywhere in the house. It makes enjoying television more convenient.
360,"my smart home to be able to place phone calls from voice command / or text messages (like, activate computer with voice command: call x, and then have the call take place ""mid air"" so to speak), i can conveniently place orders, talk to customer service ,or get in touch with people.",Entertainment,This requirement is classified as Entertainment because it enables voice-controlled phone calls and text messaging through the smart home. It provides an interactive communication feature using voice commands.
132,"a device that greets and welcomes guests at the doorstep, our guests would feel humbled by its gesture.",Entertainment,This requirement is classified as Entertainment because it greets and welcomes guests at the doorstep. It enhances the visitor experience through an interactive home feature.
3270,"the television to turn on when I sit on the couch, and the channel turned to my favorite show, it makes the viewing experience better.",Entertainment,This requirement is classified as Entertainment because it automatically turns on the television and selects the user's favorite show when they sit on the couch. It improves the television viewing experience through automation.
2360,"my smarthome to have the ability to connect and upgrade to the latest standards, I can keep up with the latest available technology.",Entertainment,This requirement is classified as Entertainment because it allows the smart home to remain compatible with the latest technologies. It ensures continued support for modern entertainment capabilities and devices.
23,"my smart home to have a certain television show start on my TV when I arrive home, I can immediately jump into watching it..",Entertainment,This requirement is classified as Entertainment because it automatically starts a specific television show when the user arrives home. It provides immediate access to preferred entertainment content.
2413,"televisions to be linked between rooms so when I change to a different room it turns on with the same program/movie at the same part, if i want to lay down in bed i can just go to bed and watch the same movie i was watching in the living room without any hassle.",Entertainment,This requirement is classified as Entertainment because it synchronizes televisions across rooms so media playback continues seamlessly. It allows the user to keep watching the same program without interruption while moving around the house.
480,"I want my tv to record my favorite show if it sense I am not home, I can watch my show when I get home..",Entertainment,This requirement is classified as Entertainment because it automatically records the user's favorite television show when they are away. It ensures preferred entertainment content can be watched later.
885,"to listen to the latest NFL scores, I am up to date..",Entertainment,This requirement is classified as Entertainment because it provides the latest NFL scores. It helps the user stay updated on sporting events of interest.
2143,"special ocassion notifier, my husband is always reminded of special ocassions and events.",Entertainment,This requirement is classified as Entertainment because it reminds the user about special occasions and events. It provides a convenient notification feature that supports memorable personal events.
2680,"the house to have a gaming mode, lighting and sounds are adjusted.",Entertainment,This requirement is classified as Entertainment because it activates a gaming mode that adjusts lighting and sound. It creates an enhanced environment for playing games.
260,"my home to play soothing music while evening time, i can relax.",Entertainment,This requirement is classified as Entertainment because it automatically plays soothing music during the evening. It creates a relaxing and enjoyable listening experience.
1436,"A gaming console that will only operate under parents commands, My kids will do whats important first, before playing.",Entertainment,This requirement is classified as Entertainment because it controls access to a gaming console based on parental permission. It manages when gaming activities can take place.
1806,"my home to play white noise while I sleep, I can rest better..",Entertainment,This requirement is classified as Entertainment because it plays white noise while the user sleeps. It provides continuous audio playback to create a more comfortable sleeping environment.
220,"giving voice commands to equipments, i am relaxed.",Entertainment,This requirement is classified as Entertainment because it enables equipment to be controlled through voice commands. It provides a more convenient and interactive way to operate entertainment devices.
71,"automated music system, it automatically detects my mood and plays background music according to it..",Entertainment,This requirement is classified as Entertainment because it automatically detects the user's mood and plays suitable background music. It personalizes the music listening experience to increase enjoyment.
3026,"a smart wine cellar, I can store multiple kinds of wine at the proper temperature and humidity for each..",Entertainment,This requirement is classified as Entertainment because it stores different kinds of wine under appropriate conditions. It supports the user's enjoyment and appreciation of a wine collection.
2690,"my TV to find all of my favorite shows on demand, I can watch what I want without having to search.",Entertainment,This requirement is classified as Entertainment because it finds the user's favorite television shows on demand. It makes it easier to access preferred entertainment content without searching.
1776,"to shut off all phones in the house at certain times, i can control media usage.",Entertainment,This requirement is classified as Entertainment because it automatically shuts off phones at specified times to manage media usage. It helps regulate access to media-related devices.
3088,"microphone picks up voice or instruments and automatically records the sound then transcribes and composes into sheet music, I can easily get my creative ideas documented.",Entertainment,"This requirement is classified as Entertainment because it automatically records, transcribes, and converts musical performances into sheet music. It supports creative music creation and documentation."
945,"wall mount transmitter, Automatic  regulate the transmitter.",Entertainment,This requirement is classified as Entertainment because it automatically regulates a wall-mounted transmitter. It provides automated control of a media-related transmission device.
