req_id,requirement,label,reference_explanation,Unnamed: 4,Unnamed: 5,Unnamed: 6,Unnamed: 7,Unnamed: 8
1713,"Automatic lawnmower, it can cut the grass itself without anyone doing it.",Other,This requirement is classified as Other because it automates lawn mowing without requiring user intervention. This provides convenience by handling routine yard maintenance.,,,,,
1225,"An alarm to go off when my dog stands by the door for more than 5 seconds, I can avoid accidents.",Other,This requirement is classified as Other because it alerts the user when the dog has been waiting at the door for a period of time. This helps the user respond promptly to the pet's needs.,,,,,
3030,"Alert system for washer and dryer, I can be alerted to a load finishing no matter where I am in the house.",Other,This requirement is classified as Other because it notifies the user when the washer or dryer has finished a load. This provides convenient status updates regardless of the user's location in the house.,,,,,
1915,"Home monitors observe my activity and know when I am about to leave and have a Uber ready, Save time, just walk out and go.",Other,This requirement is classified as Other because it monitors the user's routine and automatically prepares transportation before they leave home. This improves convenience and saves time.,,,,,
866,"Projected figure to assist me with a click of a remote, i could get any help i need in any room.",Other,This requirement is classified as Other because it projects a virtual assistant into any room when requested. This provides convenient assistance throughout the home.,,,,,
448,"A home that helps me to nourish and grow my plants, i can keep a healthy garden.",Other,This requirement is classified as Other because it helps the user care for and grow plants. This supports convenient garden maintenance.,,,,,
641,"My television to alert me when someone calls the home line, I don't miss a call when I have the TV blasting.",Other,This requirement is classified as Other because it alerts the user to home phone calls while they are watching television. This helps ensure calls are not missed.,,,,,
1967,"My smart home to sync with package deliveries, so that the packages can be left at my door.",Other,This requirement is classified as Other because it synchronizes the smart home with package deliveries. This supports convenient package reception at the home.,,,,,
3217,"A Refrigerator that can display what the best prices in my area are for food I'm running low on, I know where to go shopping for this food that day.",Other,This requirement is classified as Other because the refrigerator displays local prices for items that are running low. This helps the user plan shopping more conveniently.,,,,,
2731,A robot that can prepare meals for me. I don't have to waste time cooking.,Other,This requirement is classified as Other because a robot prepares meals automatically. This saves the user time and effort in cooking.,,,,,
1226,"My baby's room to play soothing music whenever it starts crying, the baby will calm down.",Other,This requirement is classified as Other because the baby's room automatically plays soothing music when the baby cries. This provides automated comfort for the baby.,,,,,
665,"A notification via my phone/smart watch letting me know when my food is ready, I can concentrate on other things and keep the food from burning or cooking to long.",Other,This requirement is classified as Other because it notifies the user when food is ready. This allows the user to focus on other tasks while cooking.,,,,,
2110,"My tv to allow me to order food for delivery with my voice, it will make it easier for me to provide a meal for my family.",Other,This requirement is classified as Other because it allows the user to order food delivery through voice commands on the television. This provides a convenient way to arrange meals.,,,,,
2934,"a voice control system that allows me to monitor multiple features in the house,I can change features anywhere in the home",Other,This requirement is classified as Other because it enables voice-based control and monitoring of multiple smart home features from anywhere in the house. The primary objective is to provide convenient and centralized home automation functionality.,,,,,
969,Dog food to be dispensed from a device into my dog's bowl at the same time every day. My dog will eat at the same time every day.,Other,This requirement is classified as Other because it automatically dispenses dog food at scheduled times. This provides convenient and consistent pet feeding.,,,,,
1459,"Smart water sprinklers, they only turn on when they sense that there has been a shortage in natural water fall.",Other,This requirement is classified as Other because smart sprinklers automatically water based on natural rainfall conditions. This provides automated irrigation management.,,,,,
3079,"Leakage sensors, if anything around my tank starts to leak, I get notified.",Other,This requirement is classified as Other because leakage sensors notify the user when a tank begins to leak. This provides timely information about maintenance issues.,,,,,
225,"My coffeemaker to start automatically, my coffee will be ready when I go to wake my son up early in the morning.",Other,This requirement is classified as Other because the coffee maker starts automatically before the user wakes up. This provides convenience by having coffee ready when needed.,,,,,
1043,"Bed that makes itself, I can save time on making the bed.",Other,This requirement is classified as Other because the bed automatically makes itself. This reduces the user's daily household chores and saves time.,,,,,
832,"to open my garage door  ,I can save on time and energy",Other,This requirement is classified as Other because it allows the user to open the garage door automatically. This provides greater convenience and saves time.,,,,,
1010,"suggestions and recipes of what I can make for a meal with whatever ingredients I have in the fridge ,I will be able to make full use of my groceries.",Other,This requirement is classified as Other because it suggests recipes based on the ingredients available in the refrigerator. This helps the user make better use of available groceries.,,,,,
1971,"My car to start warming up on my schedule ,I don't have to do the remote start manually each workday morning. ",Other,This requirement is classified as Other because it automatically warms up the user's car according to a schedule. This provides convenience by eliminating the need for manual remote starting.,,,,,
1847,"a connected washing machine that could turn on when I leave work ,my clothes can be ready to put in the dryer when I get home and will not have been wet in the washer all day",Other,This requirement is classified as Other because the washing machine starts automatically when the user leaves work. This provides convenience by having laundry ready for the next step upon arrival home.,,,,,
1995,"gutters that clean themselves ,I don't have to get up on a ladder.",Other,This requirement is classified as Other because the gutters clean themselves automatically. This reduces the need for manual maintenance.,,,,,
1929,"fragrance sprinkler near my cat's litterbox ,that it will activate after my cat uses it, to keep the room smelling fresh.",Other,This requirement is classified as Other because it automatically releases fragrance after the cat uses the litter box. This improves household convenience by keeping the room fresh.,,,,,
2027,"automated feeding ,my pet can be fed when im not here",Other,This requirement is classified as Other because it automatically feeds the user's pet while they are away. This provides convenient pet care automation.,,,,,
1008,"to be notified whenever the cat is sitting in the bath tub, so I can turn on the tap for him. ,so I can turn on the tap for him.",Other,This requirement is classified as Other because it notifies the user when the cat is sitting in the bathtub. This helps the user respond to the pet's behavior conveniently.,,,,,
2461,"If any letter dorped in my letter box. ,I can know immidietly.",Other,This requirement is classified as Other because it notifies the user when mail is delivered to the letterbox. This provides convenient awareness of incoming mail.,,,,,
981,"The crock pot to turn on at a certain time of the day ,When I get home the food I put in the crock pot will be done.",Other,This requirement is classified as Other because the crock pot starts cooking at a scheduled time. This ensures meals are ready when the user arrives home.,,,,,
1099,"my home to be able to tell me where my electronic devices such as my phone or tv remotes are even when they are powered off ,i can save time not searching for lost things",Other,This requirement is classified as Other because it locates electronic devices even when they are powered off. This helps the user quickly find misplaced items.,,,,,
1054,"a device that reads any book/notes I hover it over ,I can study while doing other things",Other,This requirement is classified as Other because it reads books or notes aloud when they are placed under the device. This allows the user to study while performing other activities.,,,,,
2888,"Sensors that will detect rodent activity, I'll know when varmint control measures need to be taken.",Other,This requirement is classified as Other because it detects rodent activity in the home. This helps the user know when pest control measures are needed.,,,,,
2740,A machine that has wash/dry cycle in the same machine. I don't have to take out my clothes to put from the washer to the dryer.,Other,This requirement is classified as Other because it combines washing and drying into a single machine. This simplifies the laundry process and improves convenience.,,,,,
3090,"water sensor,I'm notified if my basement starts to leak water.",Other,"This requirement is classified as Other because it provides a notification when water leakage is detected in the basement, allowing the user to respond promptly. The primary objective is monitoring and informing the user about home conditions as a general smart home management function.",,,,,
2869,My coffee freshly ground and brewed every morning before I wake up. I can save time.,Other,This requirement is classified as Other because it automatically grinds and brews fresh coffee before the user wakes up. This provides convenience and saves time.,,,,,
1521,"The option to activate the opening and closing of window curtains by using a remote or smart phone application, during the day the blinds can be open and closed when necessary without having to manually open and close them.",Other,This requirement is classified as Other because it allows window curtains to be opened and closed remotely using a smartphone or remote control. This provides convenient home automation.,,,,,
917,"The door to record the time of day or night it is opened, I can know what time my teenager comes home without having to stay up for him or her.",Other,This requirement is classified as Other because it records the times when the door is opened. This provides convenient information about household activity.,,,,,
1335,"My smart home to detect and sound an alarm when my pet is on the counters, I can teach him when I am not at home.",Other,This requirement is classified as Other because it detects when a pet is on the counters and sounds an alarm. This helps the user monitor and train the pet even when away.,,,,,
1397,"To be able to access my pantry and fridge's inventory, i can get exactly what i need from the grocery store without having to create a list.",Other,This requirement is classified as Other because it allows the user to access pantry and refrigerator inventories remotely. This makes grocery shopping more convenient.,,,,,
2258,"My smart home to let me know if I've left clothes in the washer for too long, they don't get that nasty funk.",Other,This requirement is classified as Other because it reminds the user when clothes have been left in the washer for too long. This provides a convenient laundry management feature.,,,,,
2185,"The TV to turn off when my laptop is on and vice versa, I can study better and focus on one thing at once.",Other,This requirement is classified as Other because it prevents the TV and laptop from operating at the same time. This helps the user focus on a single activity.,,,,,
647,"My smart home to help me keep track of what my responsibilities are, I wont forget what I need to do.",Other,This requirement is classified as Other because it helps the user keep track of responsibilities and tasks. This provides convenient assistance with daily organization.,,,,,
1221,"a self cleaning toilet ,I don't have to clean the toilet",Other,This requirement is classified as Other because the toilet cleans itself automatically. This reduces the user's household cleaning effort.,,,,,
717,"my smart home to ring a bell at meal times ,I don't have to call each and every person separetely",Other,This requirement is classified as Other because it rings a bell at meal times. This conveniently notifies everyone without requiring the user to call each person individually.,,,,,
2584,"a smart computer system ,it is up and ready for work in the morning automatically without my having to turn it on",Other,This requirement is classified as Other because the computer starts automatically before the user begins work. This provides convenience by reducing setup time.,,,,,
1988,"my smart home to sense when to and water my houseplants when they need it ,i won't have to remember ",Other,This requirement is classified as Other because the smart home automatically waters houseplants when needed. This automates plant care without requiring the user to remember.,,,,,
2719,"my smart home to tell me if clothes are finished washing or drying.  ,I can take them out or transfer them. ",Other,This requirement is classified as Other because it notifies the user when clothes have finished washing or drying. This provides convenient updates for laundry management.,,,,,
841,"to have wifi coffee machines ,I can easily brew coffee with an app",Other,This requirement is classified as Other because it allows the coffee machine to be controlled through a mobile app. This provides convenient remote operation.,,,,,
1889,"access to the home without keys,I don't have to hold onto multiple homeowner's keys. I can gain access to a home/certain rooms with just my phone. ",Other,"This requirement is classified as Other because it enables keyless access to the home using a smartphone for greater convenience. The primary objective is simplifying home access through general smart home automation rather than addressing a specific domain such as energy, health, safety, or entertainment.",,,,,
2033,"my smart home to include a closet that automatically pulls together my clothing outfit for each day on my voice command ,I don't have to think about it",Other,This requirement is classified as Other because it automatically selects a clothing outfit based on a voice command. This simplifies the user's daily routine.,,,,,
1896,"A kitchen that can upload recipe requirements from my computer to my appliance,the stove will preheat itself, timers will be pre-set, and I'll save time preparing food.",Other,This requirement is classified as Other because it coordinates multiple kitchen appliances using recipe information to automate meal preparation tasks. The primary objective is improving convenience and simplifying everyday cooking through general smart home automation.,,,,,
1461,"a smart mailbox ,i receive smart phone notifications when mail is placed in my box",Other,This requirement is classified as Other because a smart mailbox sends notifications when mail is delivered. This provides convenient awareness of incoming mail.,,,,,
2801,"my smart phone to be able to remind me when to do water changes in my tanks ,I can be reminded to do fish chores.",Other,This requirement is classified as Other because it reminds the user when water changes are due for their tanks. This helps the user manage routine maintenance tasks.,,,,,
270,"it to run a lawn mower if the grass is getting too high and out of control. ,the grass is maintained and looking nice.",Other,This requirement is classified as Other because it automatically operates the lawn mower when the grass becomes too long. This keeps the lawn maintained with minimal user effort.,,,,,
170,"Bed automatically makes itself for sleeping and after sleeping ,no need to occupant manually make bed",Other,This requirement is classified as Other because the bed automatically makes itself before and after use. This reduces the user's daily household chores.,,,,,
840,"an alert to my phone when a package is left on my doorstep ,I know to pick it up and will know if it goes missing.",Other,This requirement is classified as Other because it sends a phone alert when a package is delivered to the doorstep. This helps the user conveniently retrieve deliveries.,,,,,
1829,"A soil monitor, I can be alerted when my plants need watering.",Other,This requirement is classified as Other because it monitors soil conditions and alerts the user when plants need watering. This provides convenient assistance with plant care.,,,,,
207,"My smart home to inform me quickly when my solar water heater does heat water, I don't need to go everytime in bathroom to check the hotness of water.",Other,This requirement is classified as Other because it notifies the user when the solar water heater has heated the water. This provides convenient information without requiring manual checking.,,,,,
1215,"Automatic window cleaners, I do not need to spend hours cleaning them.",Other,This requirement is classified as Other because it automatically cleans windows. This reduces the user's household maintenance effort.,,,,,
3060,"Synchronized alarm clocks, my entire family can be woken at the same time.",Other,This requirement is classified as Other because synchronized alarm clocks wake the entire family at the same time. This provides convenient coordination of daily routines.,,,,,
2383,"A robot that pours me my captain crunch, i don't have to pour my own captain crunch.",Other,This requirement is classified as Other because a robot automatically pours cereal for the user. This provides convenience by automating a routine task.,,,,,
363,"My home to automatically wake up children at a predetermined time for school, I do not have to wake my children up myself and they are not late for school.",Other,This requirement is classified as Other because it automatically wakes children at a scheduled time for school. This reduces the need for manual intervention by the user.,,,,,
3104,"Sensors on doors, doors auotmatically open and close when I am near them.",Other,This requirement is classified as Other because sensors automatically open and close doors when the user approaches. This provides convenient hands-free access.,,,,,
3122,"A washer and drier that text me as soon as they're done, I can do the laundry more quickly and efficiently.",Other,This requirement is classified as Other because the washer and dryer send a text message when a cycle is complete. This provides convenient laundry status updates.,,,,,
2284,"Plant moisture detector, plants are watered in a timely manner.",Other,This requirement is classified as Other because it detects plant moisture levels. This helps ensure plants are watered at the appropriate time.,,,,,
2106,"My work computer to turn on at a set time each day, I am never late logging in for work.",Other,This requirement is classified as Other because it automatically turns on the user's work computer at a scheduled time. This supports a more convenient work routine.,,,,,
3164,"A program where I can tag unwanted mail, I no longer receive junk in the mail.",Other,This requirement is classified as Other because it allows the user to identify unwanted mail to reduce future junk mail. This improves convenience in managing correspondence.,,,,,
1245,"Answer phone, use hands less.",Other,This requirement is classified as Other because it allows phone calls to be answered hands-free. This provides greater convenience during communication.,,,,,
33,"My smart home to open my garage door when it senses my vehicle arriving outside of it, I don't have to worry about carrying a remote control opener.",Other,This requirement is classified as Other because it automatically opens the garage door when the user's vehicle arrives. This eliminates the need to use a remote control.,,,,,
3037,"Wifi wired into all of the walls, I would never have to worry about weak internet anywhere in the house.",Other,This requirement is classified as Other because it provides consistent Wi-Fi coverage throughout the home. This improves convenience by eliminating weak signal areas.,,,,,
562,"A smart home that has motion sensors that I can program to trigger music/lighting/audio reminders when I enter a certain room, I can benefit from the convenience of not having to turn things on manually, and also to remember why I go to certain rooms in the first place.",Other,"This requirement is classified as Other because programmable motion sensors trigger music, lighting, or reminders when the user enters a room. This provides convenient home automation and reminders.",,,,,
1009,"To be notified whenever I get new mail, I don't have to spend time checking the mailbox if there is no new mail.",Other,This requirement is classified as Other because it notifies the user when new mail has arrived. This eliminates unnecessary trips to check the mailbox.,,,,,
1295,"my home to monitor clothes and bed sheets from the last time they were laundered ,I can make sure my clothes and bed sheets are always clean",Other,This requirement is classified as Other because it monitors when clothes and bed sheets were last laundered. This helps the user manage household chores more effectively.,,,,,
1411,"I want a lawn that will absorb all dog poop ,People with back problems will not have to bend to pick up feces anymore",Other,This requirement is classified as Other because it automatically removes dog waste from the lawn. This reduces the effort required for yard maintenance.,,,,,
3179,"a device that changes the temperature of the house to my comfort when I walk in or 30 minutes before I walk in.   ,I am comfortable when I walk in.",Other,This requirement is classified as Other because it automatically adjusts the home's temperature before or when the user arrives. This provides personalized comfort through home automation.,,,,,
1668,"feature that will interect with my dog for an hour each day ,so that my dog  will be  happy & engaged when I'm away from home.",Other,This requirement is classified as Other because it interacts with the user's dog each day while the user is away. This provides automated companionship for the pet.,,,,,
1200,"Full interactive voice recognition throughout the home (think SARAH from Eureka) and linked to my phone ,all other features can be controlled by voice command whether I am at home or away.",Other,This requirement is classified as Other because it enables voice control of smart home features both at home and remotely. This provides convenient management of connected devices.,,,,,
982,"reminders of what I have to do that day every morning when I get up ,I dont forget something important",Other,This requirement is classified as Other because it reminds the user of daily tasks each morning. This helps the user stay organized and avoid forgetting important activities.,,,,,
897,"motion sensors ,i can track movement",Other,This requirement is classified as Other because it uses motion sensors to track movement. This provides general monitoring functionality within the home.,,,,,
2189,"to be alerted every time someone tries to use my computer ,I know if someone is invading my privacy",Other,This requirement is classified as Other because it alerts the user whenever someone attempts to use their computer. This provides monitoring of device activity.,,,,,
2049,"my fridge to tell me when I am running low on food ,I can restock",Other,This requirement is classified as Other because it notifies the user when food supplies are running low. This helps the user restock groceries conveniently.,,,,,
464,"a smart outdoor water system that automatically switches between cisterns/rain barrels, gray water system and utility supply depending on what is available ,I can easily use less town/city supplied water.",Other,This requirement is classified as Other because it automatically switches between available water sources. This provides convenient management of household water resources.,,,,,
672,"an oven that comes on at a certain time ,I can place my food in the oven and it'll be ready when I get home",Other,This requirement is classified as Other because it schedules the oven to turn on at a specified time. This makes meal preparation more convenient.,,,,,
544,"my smart home to open the blinds in the morning ,the morning sunlight can come in",Other,This requirement is classified as Other because it automatically opens the blinds in the morning. This automates a routine household task for user convenience.,,,,,
152,"Home automatically heats precooked meal based on approximate of arrival (based on GPS location) ,no need to manually cook / heat meal ",Other,This requirement is classified as Other because it automatically heats a precooked meal based on the user's estimated arrival time. This provides convenience by preparing food without manual intervention.,,,,,
2882,"sensors that will detect termites ,I'll know when to call the exterminator before the insects can do damage",Other,This requirement is classified as Other because it detects termites before they cause significant damage. This helps the user manage home maintenance promptly.,,,,,
200,"my smart home to automatically open windows with the help of remote control ,smoke can be emit quickly",Other,This requirement is classified as Other because it allows windows to be opened remotely. This provides convenient control of home ventilation.,,,,,
3061,"voice activated shower ,i can set the shower to a precise temperature and flow",Other,This requirement is classified as Other because it allows the user to control the shower using voice commands. This provides convenient hands-free operation.,,,,,
436,"A home that is also like an assistant, I can keep up to date with my responsibilities.",Other,This requirement is classified as Other because it acts as a home assistant that helps the user stay informed about responsibilities. This provides general organizational support and convenience.,,,,,
2150,"Automatic food dispensers, I could feed my pets remotely.",Other,This requirement is classified as Other because it allows pets to be fed remotely through automatic food dispensers. This provides convenient pet care when the user is away.,,,,,
3194,"Web cam system, perhaps tracking system, I can tell what my pets are up to when I'm at work.",Other,This requirement is classified as Other because it uses a webcam or tracking system to monitor pets while the user is at work. This provides convenient remote observation of pets.,,,,,
1284,"My refrigerator to take inventory of my groceries, when I'm out shopping I know what I need to get.",Other,This requirement is classified as Other because it keeps an inventory of groceries in the refrigerator. This helps the user shop more conveniently.,,,,,
849,"An alert when my dog is standing by back door, I know that I need to let them out.",Other,This requirement is classified as Other because it alerts the user when the dog is waiting by the back door. This provides convenient monitoring of the pet's needs.,,,,,
479,"Water should be automatically supplied to plants, save time.",Other,This requirement is classified as Other because it automatically supplies water to plants. This automates routine plant care and saves the user time.,,,,,
2205,"To be alerted every time it's being used, I can plan.",Other,This requirement is classified as Other because it alerts the user whenever the device is being used. This provides general usage awareness for planning purposes.,,,,,
2946,"My smart home to have a projector that comes from behind the wall, onto a screen that comes down to assist my child with school work and interact with his questions, my child can do better in school and get his needs met through interaction and assistance.",Other,This requirement is classified as Other because it projects interactive educational content to assist a child with schoolwork. This provides convenient learning support at home.,,,,,
2686,Doors to unlock automatically if I am specifically detected. I don't need to deal with keys.,Other,This requirement is classified as Other because it automatically unlocks doors when the authorized user is detected. This provides convenient access without requiring keys.,,,,,
776,"A smart home to send me a text via my smart phone when it is time to change ac and heater's filters, I can change them on a timely manner.",Other,This requirement is classified as Other because it reminds the user when air conditioning and heater filters need changing. This helps the user perform routine home maintenance on time.,,,,,
1510,"My system to make sure the overhead tank is not empty, we are not bothered about the water level.",Other,This requirement is classified as Other because it monitors the overhead water tank to ensure it does not become empty. This provides convenient water management.,,,,,
1201,"Carpet that absorbs and self-cleans spills and crumbs after a set time, and tile/hardwood floors (kitchen, bath, basement, etc) that self-clean at night (a variable static charge to move loose particles to a garbage recepticle, & targeted stain removal). I don't have to vacuum, steam the rug, sweep, or mop.",Other,This requirement is classified as Other because it automatically cleans carpets and hard floors after spills and on a schedule. This reduces household cleaning effort.,,,,,
131,"Smart window cleaners, I don't have to do that chore.",Other,This requirement is classified as Other because it automatically cleans windows. This reduces the need for manual household chores.,,,,,
1164,"My smart home to water my indoor plants when they become dry, my plants do not die, and I save a little bit of time.",Other,This requirement is classified as Other because it automatically waters indoor plants when they become dry. This automates routine plant care and saves time.,,,,,
1684,"An alarm system to alert everyone whenever it's time to eat, not inform everyone.",Other,This requirement is classified as Other because it alerts everyone when it is time to eat. This provides convenient household coordination.,,,,,
1489,"An oven that will learn when I am home from work and turn itself on to warm my dinner, I will not have to worry about it after a long day.",Other,This requirement is classified as Other because it learns when the user arrives home and automatically warms dinner. This provides convenience by automating meal preparation.,,,,,
3147,"A miracle shampoo and conditioner, my daughter no longer gets her hair tangled.",Other,This requirement is classified as Other because it improves hair care by preventing tangles. This describes a general convenience feature for personal care.,,,,,
1012,"to be notified whenever my cat uses the cat litter ,I can clean it immediately and my cat can enjoy clean cat litter.",Other,This requirement is classified as Other because it notifies the user whenever the cat uses the litter box. This helps the user manage pet care tasks more conveniently.,,,,,
1740,"an automatic pet feeder ,I won't have to take note of the time my pet last ate.",Other,This requirement is classified as Other because it automatically feeds the pet without requiring the user to track feeding times. This provides convenient pet care automation.,,,,,
1526,"my water sprinklers to automatically water the plants at home, ,the moisture in the plants is well maintained all the time.",Other,This requirement is classified as Other because it automatically waters plants to maintain proper moisture levels. This automates routine plant care.,,,,,
456,"my home to be able to alert me to where my keys and wallet are at any time ,I don't have to look in multiple rooms for these items when I need to leave",Other,This requirement is classified as Other because it helps the user locate misplaced keys and a wallet. This improves convenience by reducing time spent searching for items.,,,,,
2876,"sensors that will detect stress on the foundation ,I'll know when drainage/moisture around the foundation needs to be adjusted (big problem in Texas)",Other,This requirement is classified as Other because it detects stress on the home's foundation. This helps the user identify maintenance issues before damage worsens.,,,,,
3010,"a monitor that tunes into my classes at school  ,it can allow me to participate in class from home",Other,This requirement is classified as Other because it allows the user to participate in school classes from home. This provides convenient remote access to learning.,,,,,
2764,"my blinds to close once it gets dark out and open when the sun comes up ,I can save myself from having to do it myself.",Other,This requirement is classified as Other because it automatically opens and closes blinds based on the time of day. This automates a routine household task.,,,,,
263,"my smart home to have voice command feature to operate activities from bathrooms  ,even if i am alone in home and in bathroom i can manage the activities",Other,This requirement is classified as Other because it enables voice control of bathroom activities. This provides convenient hands-free operation of home features.,,,,,
828,"my pool pump to automatically turn on for a set amount of time that I set ,my pool stays clean and I don't waste energy by having the pump on for to long.",Other,This requirement is classified as Other because it automatically operates the pool pump according to a user-defined schedule. This automates pool maintenance.,,,,,
836,"my walls to take the design, color, or pattern of my choosing at any time, selected from my smartphone. ,I can easily customize my home.",Other,"This requirement is classified as Other because it allows the user to change wall designs, colors, or patterns from a smartphone. This provides convenient home customization.",,,,,
2660,"my home to automatically recognize my nephews and nieces through facial recognition software and give them access to the house when they visit. ,I do not have to give them a key.",Other,This requirement is classified as Other because it uses facial recognition to grant authorized family members access to the home. This provides convenient access management.,,,,,
1304,"whole house morning alarm  ,I can get the house moving at the same time in the morning ",Other,This requirement is classified as Other because it provides a whole-house morning alarm to wake everyone at the same time. This supports coordinated daily routines.,,,,,
2712,"appliances that have a feature like new cars that let you know when your tire pressure is low ,my appliances can let me know when a part starts going out",Other,This requirement is classified as Other because it alerts the user when appliance components begin to fail. This helps the user perform timely maintenance.,,,,,
658,"Alarm Clock ,I can choose from a variety of different sounds that would play in the mornings at a specific time; this alarm clock would also contain specific features that would force me to wake up",Other,This requirement is classified as Other because it provides a customizable alarm clock with features designed to ensure the user wakes up. This supports convenient daily scheduling.,,,,,
367,"sprinklers to automatically activate and water the lawn at the appropriate times ,I can maintain a healthy looking garden",Other,This requirement is classified as Other because it automatically waters the lawn at appropriate times. This automates garden maintenance and keeps the lawn in good condition.,,,,,
1403,"A door that unlocks and opens with the command of a smart phone, I can let the dog out to use the bathroom even when I'm not home.",Other,This requirement is classified as Other because it allows the user to unlock and open the door using a smartphone. This provides convenient remote control of home access.,,,,,
1794,"An app which shows video of who rang my doorbell when i wasn't at home, i can see who stopped by when i wasn't home.",Other,This requirement is classified as Other because it allows the user to view video of visitors who rang the doorbell while they were away. This provides convenient access to visitor information.,,,,,
819,"A self cleaning litterbox, i don't have to clean it every day.",Other,This requirement is classified as Other because it automatically cleans the litter box. This reduces the user's pet care chores.,,,,,
1065,"Restock-able Toilet Paper, I wont have to take the toilet paper off of the roll and replace after its done.",Other,This requirement is classified as Other because it automatically restocks toilet paper when needed. This automates a routine household task for convenience.,,,,,
1155,"Lightly heated windows, they do not become frosty and hard to see through in the winter.",Other,This requirement is classified as Other because lightly heated windows prevent frost from forming. This improves convenience by maintaining clear visibility.,,,,,
857,"A machine operated bed, I could move around while in bed.",Other,This requirement is classified as Other because it provides a motorized bed that allows the user to change position more easily. This offers convenient bed adjustment.,,,,,
267,My smart home to give alert if anything is on the floor apart from usual things like if my key is lost somewhere my smart house should give me an alert of direction where i should search it. it can save my time to search things.,Other,This requirement is classified as Other because it alerts the user when misplaced items are detected and indicates where to search. This helps locate lost belongings more efficiently.,,,,,
2197,"Windows that automatically open and close, I can adjust them when I am not home if it is raining, etc.",Other,This requirement is classified as Other because it automatically opens and closes windows based on conditions such as rain. This provides convenient remote home management.,,,,,
2354,"Eye detection locks, if I forget my keys, I won't get locked out of the house.",Other,This requirement is classified as Other because it unlocks the door using eye recognition instead of keys. This provides convenient access to the home.,,,,,
257,"Smart snowlance to clean snow on my home roof automatically, can be save time.",Other,This requirement is classified as Other because it automatically removes snow from the roof. This reduces the effort required for home maintenance.,,,,,
1293,"Room temperatures to be dynamic and adjust according to personal options, everyone is comfortable in every room at any given moment.",Other,This requirement is classified as Other because it adjusts room temperatures according to individual preferences. This provides personalized comfort through home automation.,,,,,
2742,"My smart home to start my car for me on cold mornings, the heat is ready to go when I get in the car to drive.",Other,This requirement is classified as Other because it automatically starts the user's car on cold mornings. This provides convenience by preparing the vehicle before use.,,,,,
3045,"Self-scrubbing toilets, a dirty task took care of itself.",Other,This requirement is classified as Other because it automatically scrubs the toilet without user intervention. This reduces routine household cleaning effort.,,,,,
2585,"a bathtub that fills to a predetermined water level ,I don't use an excess of water",Other,This requirement is classified as Other because it automatically fills the bathtub to a preset water level. This provides convenient automation of a routine household task.,,,,,
254,"smart device to clean your windows automatically ,can be save time",Other,This requirement is classified as Other because it automatically cleans windows. This reduces the time and effort required for household maintenance.,,,,,
2512,"moisture detecting sensors in the ground ,the sprinklers can automatically water as necessary",Other,This requirement is classified as Other because moisture sensors automatically activate sprinklers when watering is needed. This automates plant care and irrigation.,,,,,
1851,"Fix auto alarm for feed food , and take out , everything need in system.,Get i. Order , different pet maintainence .",Other,This requirement is classified as Other because it automates pet care tasks such as feeding and reminders to support routine pet management. The primary objective is improving convenience by organizing and coordinating everyday household activities.,,,,,
563,"a smart home that have controls that allow me to trigger appliances in the kitchen from my bedroom ,when I wake up, I can start the coffee or boiling kettle when I turn off my alarm clock",Other,This requirement is classified as Other because it allows the user to control kitchen appliances remotely from the bedroom. This provides convenient home automation.,,,,,
2103,"walls that can be set to reduce noise levels ,you can be undisturbed by others noises.",Other,This requirement is classified as Other because it allows the user to adjust wall noise reduction settings. This provides a more comfortable and customizable home environment.,,,,,
3049,"automatic dishwasher ,I don't have to clean dishes",Other,This requirement is classified as Other because it automatically washes dishes. This reduces the user's household workload.,,,,,
3154,"network outlets ,I wouldn't have to run them myself",Other,This requirement is classified as Other because it provides built-in network outlets throughout the home. This improves convenience by reducing installation effort.,,,,,
2085,"my home to alert me when my pet leaves something behind on the floor ,I am alerted to when I need to clean up to prevent odors.",Other,This requirement is classified as Other because it alerts the user when a pet leaves a mess on the floor. This helps the user clean it promptly.,,,,,
1440,"a self cleaning bathroom and kitchen ,I can spend more time working instead of cleaning",Other,This requirement is classified as Other because it automatically cleans the bathroom and kitchen. This reduces routine household cleaning tasks.,,,,,
1015,"to be notified when the level of cat litter has run low ,I can add more cat litter to ensure that my cat has enough to do his business.",Other,This requirement is classified as Other because it notifies the user when cat litter is running low. This helps ensure the litter box remains usable.,,,,,
1500,"a washer/dryer combo that will be controlled by my phone or mobile device to do my laundry at set times ,I won't have to worry about it.",Other,This requirement is classified as Other because it allows the washer and dryer to be controlled remotely on a schedule. This provides convenient laundry automation.,,,,,
2121,"my home to shake the beds of my two older kids to wake them up in the morning, ,they will actually get up and not be late for school.",Other,This requirement is classified as Other because it automatically wakes the user's children by shaking their beds. This automates a daily household routine.,,,,,
2004,"my smart home to sense my approach and start cooking my dinner ,it will be ready shortly after I arrive home",Other,This requirement is classified as Other because it detects the user's arrival and begins cooking dinner automatically. This provides convenient meal preparation.,,,,,
1681,"my Smart Home to have many accents to talk to me in ,I may benefit from the presence of a Britt, Kiwi, or something just seductive",Other,This requirement is classified as Other because it allows the smart home to communicate using different accents. This provides a personalized user experience.,,,,,
2961,"to be alerted of new postal delivery ,I know when to go to the mailbox.",Other,This requirement is classified as Other because it alerts the user when new mail has been delivered. This provides convenient notification of postal deliveries.,,,,,
2055,"my tea to brew and be ready for my wakeup ,it is ready",Other,This requirement is classified as Other because it automatically brews tea before the user wakes up. This provides convenience by preparing a beverage in advance.,,,,,
